"hash","copies","bytes_each","wasted_bytes","category","canonical_legacy_path","canonical_live_url","example_paths"
"16E9B4D37118E2F7E8488D9038B4CFC1E20AB10538ABACCD3613FA55D9AAD06D","5","50280794","201123176","animation","uploads/9/1/6/0/91600416/ezgif-2-0153de9630_2.gif","/media/animations/ezgif-2-0153de9630-2.gif","uploads/9/1/6/0/91600416/ezgif-2-0153de9630_1.gif; uploads/9/1/6/0/91600416/ezgif-2-0153de9630_2.gif; uploads/9/1/6/0/91600416/ezgif-2-0153de9630_4.gif; uploads/9/1/6/0/91600416/ezgif-2-0153de9630_5.gif; uploads/9/1/6/0/91600416/ezgif-2-0153de9630_orig.gif"
"8017F08D330E34948AB449034B069F393E0015E1439C23F5DA3E2655F315ED62","4","44462521","133387563","animation","uploads/9/1/6/0/91600416/forward-reverse-gif_2.gif","/media/animations/forward-reverse-gif-2.gif","uploads/9/1/6/0/91600416/forward-reverse-gif_1.gif; uploads/9/1/6/0/91600416/forward-reverse-gif_2.gif; uploads/9/1/6/0/91600416/forward-reverse-gif_3.gif; uploads/9/1/6/0/91600416/forward-reverse-gif_orig.gif"
"DBB3BA86C6A7EA7010E3E1F5332BF7E8139E4426DC6DFB5007B2D820902F9CB3","2","78731692","78731692","animation","uploads/9/1/6/0/91600416/output_1.gif","/media/animations/output-1.gif","uploads/9/1/6/0/91600416/output_1.gif; uploads/9/1/6/0/91600416/output_orig.gif"
"689B6938212B1DE3BAB6D82BBCBB7E32021CD47C9161F9BB21C84BBB11FEC847","4","10226700","30680100","animation","uploads/9/1/6/0/91600416/ezgif-3-aca8819603_3.gif","/media/animations/ezgif-3-aca8819603-3.gif","uploads/9/1/6/0/91600416/ezgif-3-aca8819603_2.gif; uploads/9/1/6/0/91600416/ezgif-3-aca8819603_3.gif; uploads/9/1/6/0/91600416/ezgif-3-aca8819603_4.gif; uploads/9/1/6/0/91600416/ezgif-3-aca8819603_orig.gif"
"7CEF57F9009A99470A8DD960FB6BCBA7B8167488749B9ECBFA89A05BACAB49AB","3","8848124","17696248","audio","uploads/9/1/6/0/91600416/what_is_it_like_to_sleep_-_matthieu_koroma_1.mp3","/media/audio/what-is-it-like-to-sleep-matthieu-koroma-1.mp3","uploads/9/1/6/0/91600416/what_is_it_like_to_sleep_-_matthieu_koroma.mp3; uploads/9/1/6/0/91600416/what_is_it_like_to_sleep_-_matthieu_koroma_1.mp3; uploads/9/1/6/0/91600416/what_is_it_like_to_sleep_-_matthieu_koroma_2.mp3"
"F187AB5F09EDE55FD79E2D773F1F7F19E493BC9C543AE2B9674CF7EBBAC7C76C","3","7571326","15142652","animation","uploads/9/1/6/0/91600416/ezgif-4-e893a2d506_2.gif","/media/animations/ezgif-4-e893a2d506-2.gif","uploads/9/1/6/0/91600416/ezgif-4-e893a2d506_2.gif; uploads/9/1/6/0/91600416/ezgif-4-e893a2d506_3.gif; uploads/9/1/6/0/91600416/ezgif-4-e893a2d506_orig.gif"
"305DE8DB9B2B3D78193DC92BB589D397EBFA1812D6623B859105AAAF32BA18B8","3","7495438","14990876","animation","uploads/9/1/6/0/91600416/ezgif-6-694c5e7c21_2.gif","/media/animations/ezgif-6-694c5e7c21-2.gif","uploads/9/1/6/0/91600416/ezgif-6-694c5e7c21_2.gif; uploads/9/1/6/0/91600416/ezgif-6-694c5e7c21_3.gif; uploads/9/1/6/0/91600416/ezgif-6-694c5e7c21_orig.gif"
"BFE65A3EF5EF580F6AB4BBCB9E77FCD112B51F848459268C14B8F22F2E5EF59E","5","3416942","13667768","pdf","uploads/9/1/6/0/91600416/alius_bulletin_n°1.pdf","/library/pdfs/alius-bulletin-n-1.pdf","uploads/9/1/6/0/91600416/alius_bulletin_n°1.pdf; uploads/9/1/6/0/91600416/alius_bulletin_n°1__2017_.pdf; uploads/9/1/6/0/91600416/alius_bulletin_n°1_2017a.pdf; uploads/9/1/6/0/91600416/alius_bulletin_n°1_2022.pdf; uploads/9/1/6/0/91600416/alius_bulletin_n°1_2023.pdf"
"38FF933B8DA5FCD9CDED7FB97A815E58353945ABF9458648639D9FF8AAA04EC9","3","5035414","10070828","animation","uploads/9/1/6/0/91600416/ezgif-6-61cf71fce1_orig.gif","/media/animations/ezgif-6-61cf71fce1-orig.gif","uploads/9/1/6/0/91600416/ezgif-6-61cf71fce1_1.gif; uploads/9/1/6/0/91600416/ezgif-6-61cf71fce1_2.gif; uploads/9/1/6/0/91600416/ezgif-6-61cf71fce1_orig.gif"
"E9EBD5676EF6F5A3B49D51FC3C6857EC70D4775E831E868508E83197D02A2B41","3","4285306","8570612","animation","uploads/9/1/6/0/91600416/lung-mechanics-respiratory-coupling1_orig.gif","/media/animations/lung-mechanics-respiratory-coupling1-orig.gif","uploads/9/1/6/0/91600416/lung-mechanics-respiratory-coupling1_1.gif; uploads/9/1/6/0/91600416/lung-mechanics-respiratory-coupling1_2.gif; uploads/9/1/6/0/91600416/lung-mechanics-respiratory-coupling1_orig.gif"
"987E78D1B0F41798CBB82DF8CCC909D0D682C2CB62B8D29881BF148EC26992B0","13","680727","8168724","image","uploads/9/1/6/0/91600416/image-3_2.png","/media/images/image-3-2.png","uploads/9/1/6/0/91600416/image-3_12.png; uploads/9/1/6/0/91600416/image-3_13.png; uploads/9/1/6/0/91600416/image-3_14.png; uploads/9/1/6/0/91600416/image-3_15.png; uploads/9/1/6/0/91600416/image-3_17.png"
"2EF7840767773025EFB340834487E0A5DB9B45730CA729634CF5591F1A3A9F34","3","2767942","5535884","image","uploads/9/1/6/0/91600416/alius_flyer.png","/media/images/alius-flyer.png","uploads/9/1/6/0/91600416/alius_flyer.png; uploads/9/1/6/0/91600416/alius_flyer_2.png; uploads/9/1/6/0/91600416/alius_flyer_3.png"
"94F5F4B19F7F6FE7EAF84B8D9B335647A62CCC6A9483E9882298D2A67396819B","2","4858806","4858806","pdf","uploads/9/1/6/0/91600416/alius_bulletin_n°2__2018_.pdf","/library/pdfs/alius-bulletin-n-2-2018.pdf","uploads/9/1/6/0/91600416/alius_bulletin_n°2__2018_.pdf; uploads/9/1/6/0/91600416/alius_bulletin_n°2__2018__2.pdf"
"50BE32DD3B2E9CE6A2EAD36BEBE86FB50143783A08746E789CA9F3907021E302","2","4494963","4494963","image","uploads/9/1/6/0/91600416/background-images/background-images/292403547.png",,"uploads/9/1/6/0/91600416/background-images/background-images/1389374582.png; uploads/9/1/6/0/91600416/background-images/background-images/292403547.png"
"7B263107F05424343C47BD02E00EA0EC7D2828B302424A8D2F708548276DE3A7","13","357950","4295400","image","uploads/9/1/6/0/91600416/headshot-enzo_2.png","/media/images/headshot-enzo-2.png","uploads/9/1/6/0/91600416/headshot-enzo_12.png; uploads/9/1/6/0/91600416/headshot-enzo_13.png; uploads/9/1/6/0/91600416/headshot-enzo_14.png; uploads/9/1/6/0/91600416/headshot-enzo_15.png; uploads/9/1/6/0/91600416/headshot-enzo_17.png"
"57C44CA6797575B2DFA4491FE0F704AF53C8E5DC9FCD2F20F5DE2646659F2FCE","13","350131","4201572","image","uploads/9/1/6/0/91600416/screen-shot-2018-07-16-at-10-26-47_2.png","/media/images/screen-shot-2018-07-16-at-10-26-47-2.png","uploads/9/1/6/0/91600416/screen-shot-2018-07-16-at-10-26-47_11.png; uploads/9/1/6/0/91600416/screen-shot-2018-07-16-at-10-26-47_12.png; uploads/9/1/6/0/91600416/screen-shot-2018-07-16-at-10-26-47_13.png; uploads/9/1/6/0/91600416/screen-shot-2018-07-16-at-10-26-47_14.png; uploads/9/1/6/0/91600416/screen-shot-2018-07-16-at-10-26-47_16.png"
"9F4C05FE636EAE30DF71B751CC7DC575DA77E9F63F9E345A3B06A1D6932A93DE","2","4129934","4129934","pdf","uploads/9/1/6/0/91600416/alius_bulletin_n°4.pdf","/library/pdfs/alius-bulletin-n-4.pdf","uploads/9/1/6/0/91600416/alius_bulletin_n°4.pdf; uploads/9/1/6/0/91600416/alius_bulletin_n°4_1.pdf"
"3F32409199A78633B36EF50B1A174E304FF7999ED0C3164C3C1F01DAF513BAF9","4","1166877","3500631","image","uploads/9/1/6/0/91600416/vrachos_3.png","/media/images/vrachos-3.png","uploads/9/1/6/0/91600416/vrachos_1.png; uploads/9/1/6/0/91600416/vrachos_2.png; uploads/9/1/6/0/91600416/vrachos_3.png; uploads/9/1/6/0/91600416/vrachos_orig.png"
"5B71CE33782B76A5F00042E1646C73E52006F8D09EDBD544888CEE37CB7FACDF","2","3300209","3300209","animation","uploads/9/1/6/0/91600416/alius-eventbannertemplate-jc-nr05_orig.gif",,"uploads/9/1/6/0/91600416/alius-eventbannertemplate-jc-nr05_orig.gif; uploads/9/1/6/0/91600416/alius-eventbanner-template-jc-nr05_orig.gif"
"937A848B5B5E12EA2909A2AF1278C2D8E8A09BC64E011BD468EF0AEB09BBF8F9","3","1391638","2783276","image","uploads/9/1/6/0/91600416/output-lossless_1.gif","/media/images/output-lossless-1.gif","uploads/9/1/6/0/91600416/output-lossless_1.gif; uploads/9/1/6/0/91600416/output-lossless_3.gif; uploads/9/1/6/0/91600416/output-lossless_4.gif"
"A1FEB738BB3798D3A4EC81D32C24917536167ED52E0A72E462812A196B27BB20","14","189781","2467153","image","uploads/9/1/6/0/91600416/screen-shot-2016-12-23-at-17-44-51_6.png","/media/images/screen-shot-2016-12-23-at-17-44-51-6.png","uploads/9/1/6/0/91600416/screen-shot-2016-12-23-at-17-44-51_10.png; uploads/9/1/6/0/91600416/screen-shot-2016-12-23-at-17-44-51_11.png; uploads/9/1/6/0/91600416/screen-shot-2016-12-23-at-17-44-51_12.png; uploads/9/1/6/0/91600416/screen-shot-2016-12-23-at-17-44-51_13.png; uploads/9/1/6/0/91600416/screen-shot-2016-12-23-at-17-44-51_15.png"
"2E41DD17AA206011FDD01A90D61A705FACE7324FDB9C1BD46567C60EEE2F7E32","13","179466","2153592","image","uploads/9/1/6/0/91600416/matthieu-koroma_6.jpg","/media/images/matthieu-koroma-6.jpg","uploads/9/1/6/0/91600416/matthieu-koroma_10.jpg; uploads/9/1/6/0/91600416/matthieu-koroma_11.jpg; uploads/9/1/6/0/91600416/matthieu-koroma_12.jpg; uploads/9/1/6/0/91600416/matthieu-koroma_14.jpg; uploads/9/1/6/0/91600416/matthieu-koroma_15.jpg"
"BB068910899915045B8F6556140CE56C3CE72920620520F07D9D01D60155BFB8","13","172268","2067216","image","uploads/9/1/6/0/91600416/daf-headshot_6.jpg","/media/images/daf-headshot-6.jpg","uploads/9/1/6/0/91600416/daf-headshot_10.jpg; uploads/9/1/6/0/91600416/daf-headshot_11.jpg; uploads/9/1/6/0/91600416/daf-headshot_12.jpg; uploads/9/1/6/0/91600416/daf-headshot_13.jpg; uploads/9/1/6/0/91600416/daf-headshot_15.jpg"
"96D25433E22038A72D8BBE7F5F785394FCEDFE989665331BA5DE38A9843D3BA2","4","680108","2040324","image","uploads/9/1/6/0/91600416/stratos_3.png","/media/images/stratos-3.png","uploads/9/1/6/0/91600416/stratos_3.png; uploads/9/1/6/0/91600416/stratos_4.png; uploads/9/1/6/0/91600416/stratos_5.png; uploads/9/1/6/0/91600416/stratos_6.png"
"FBE9635B1E21E80CAD9CFFDFA5A0E0CF418C9372258DC2E3D911E6EDE2875335","2","2005413","2005413","image","uploads/9/1/6/0/91600416/breathink-fast_orig.gif","/media/images/breathink-fast-orig.gif","uploads/9/1/6/0/91600416/breathink-fast_1.gif; uploads/9/1/6/0/91600416/breathink-fast_orig.gif"
"124FC02C6058729BABD5EFCBD7971A924DABD130035319C4A020EE697DAF9E4A","3","990224","1980448","image","uploads/9/1/6/0/91600416/member1-antoine-bellemare-circle_1.png","/media/images/member1-antoine-bellemare-circle-1.png","uploads/9/1/6/0/91600416/member1-antoine-bellemare-circle_1.png; uploads/9/1/6/0/91600416/member1-antoine-bellemare-circle_2.png; uploads/9/1/6/0/91600416/member1-antoine-bellemare-circle_orig.png"
"54FB1D3B6C95A88EEBAE946FC92AF6AC5412E9C7C917A4D63B7B0FC50D322404","10","217596","1958364","image","uploads/9/1/6/0/91600416/pxl-20220516-153551509_1.jpg","/media/images/pxl-20220516-153551509-1.jpg","uploads/9/1/6/0/91600416/pxl-20220516-153551509_1.jpg; uploads/9/1/6/0/91600416/pxl-20220516-153551509_10.jpg; uploads/9/1/6/0/91600416/pxl-20220516-153551509_12.jpg; uploads/9/1/6/0/91600416/pxl-20220516-153551509_2.jpg; uploads/9/1/6/0/91600416/pxl-20220516-153551509_3.jpg"
"3DB0E762FFE276FB4CD08A382821318FC13D03FABB7CCBC58555E77EC9B50A11","6","391091","1955455","image","uploads/9/1/6/0/91600416/alius-eventbanner-template-jc-nr04_2.gif","/media/images/alius-eventbanner-template-jc-nr04-2.gif","uploads/9/1/6/0/91600416/1_orig.gif; uploads/9/1/6/0/91600416/alius-eventbanner-template-jc-nr04_2.gif; uploads/9/1/6/0/91600416/alius-eventbanner-template-jc-nr04_3.gif; uploads/9/1/6/0/91600416/alius-eventbanner-template-jc-nr04_5.gif; uploads/9/1/6/0/91600416/alius-eventbanner-template-jc-nr04_6.gif"
"033108ACEEF6F8459F46C325DFD3DE83542F6516C3BA037EC05386EA7B17B764","2","1894260","1894260","pdf","uploads/9/1/6/0/91600416/alius_bulletin_3__v.29e-08-2019_.pdf","/library/pdfs/alius-bulletin-3-v-29e-08-2019.pdf","uploads/9/1/6/0/91600416/alius_bulletin_3__v.29e-08-2019_.pdf; uploads/9/1/6/0/91600416/alius_bulletin_3__v.29e-08-2019__1.pdf"
"D2584186C907ACEED8E8D496DB4638C8148A25CEEEB12BB9780E042D69D9DBD3","13","157758","1893096","image","uploads/9/1/6/0/91600416/raph_7.jpg","/media/images/raph-7.jpg","uploads/9/1/6/0/91600416/raph_10.jpg; uploads/9/1/6/0/91600416/raph_11.jpg; uploads/9/1/6/0/91600416/raph_12.jpg; uploads/9/1/6/0/91600416/raph_13.jpg; uploads/9/1/6/0/91600416/raph_15.jpg"
"6A4835D9590573C527E6379B87FFAFC27081D7A75B66D7C468906F70D9050083","13","155523","1866276","image","uploads/9/1/6/0/91600416/mathieu-frerejouan_7.jpg","/media/images/mathieu-frerejouan-7.jpg","uploads/9/1/6/0/91600416/mathieu-frerejouan_10.jpg; uploads/9/1/6/0/91600416/mathieu-frerejouan_11.jpg; uploads/9/1/6/0/91600416/mathieu-frerejouan_12.jpg; uploads/9/1/6/0/91600416/mathieu-frerejouan_13.jpg; uploads/9/1/6/0/91600416/mathieu-frerejouan_15.jpg"
"92DA257CA99E1F54E288BDE2B56F0A52E5E853714438353872BB8171729411DE","2","1859813","1859813","image","uploads/9/1/6/0/91600416/imageedit-13-3436667253_3.png","/media/images/imageedit-13-3436667253-3.png","uploads/9/1/6/0/91600416/imageedit-13-3436667253_3.png; uploads/9/1/6/0/91600416/imageedit-13-3436667253_orig.png"
"2451EDB9AB4D42C5A6622040287DE59074F09BE9046FEB202DD74B7D447E3B62","3","920316","1840632","image","uploads/9/1/6/0/91600416/171681742527888587-2_orig.png","/media/images/171681742527888587-2-orig.png","uploads/9/1/6/0/91600416/171681742527888587-2_1.png; uploads/9/1/6/0/91600416/171681742527888587-2_2.png; uploads/9/1/6/0/91600416/171681742527888587-2_orig.png"
"DF6990B4B55071C69212BEF4FF0B8B75EE347EF97365B014253AA44FBD40F89D","4","604073","1812219","image","uploads/9/1/6/0/91600416/alius-eventbanner-psychedelcis-meditation-template-fin-jc-nr09_1.gif","/media/images/alius-eventbanner-psychedelcis-meditation-template-fin-jc-nr09-1.gif","uploads/9/1/6/0/91600416/alius-eventbanner-psychedelcis-meditation-template-fin-jc-nr09_1.gif; uploads/9/1/6/0/91600416/alius-eventbanner-psychedelcis-meditation-template-fin-jc-nr09_3.gif; uploads/9/1/6/0/91600416/alius-eventbanner-psychedelcis-meditation-template-fin-jc-nr09_4.gif; uploads/9/1/6/0/91600416/alius-eventbanner-psychedelcis-meditation-template-fin-jc-nr09_orig.gif"
"59414B6DD139FB00A1F69FB643D9EC0B02139D3545D32AFAC2A136096CEB0CCD","3","897024","1794048","image","uploads/9/1/6/0/91600416/m3cs-mypic-fullres-edited-cropped-vismay-agrawal_2.png","/media/images/m3cs-mypic-fullres-edited-cropped-vismay-agrawal-2.png","uploads/9/1/6/0/91600416/m3cs-mypic-fullres-edited-cropped-vismay-agrawal_1.png; uploads/9/1/6/0/91600416/m3cs-mypic-fullres-edited-cropped-vismay-agrawal_2.png; uploads/9/1/6/0/91600416/m3cs-mypic-fullres-edited-cropped-vismay-agrawal_orig.png"
"DEEFF7062AD86A06458C1580CB5B39F3C3940EAA7CEB6B5A1E543EE2B9C9DEA7","13","149185","1790220","image","uploads/9/1/6/0/91600416/mve_2.png","/media/images/mve-2.png","uploads/9/1/6/0/91600416/mve_12.png; uploads/9/1/6/0/91600416/mve_13.png; uploads/9/1/6/0/91600416/mve_14.png; uploads/9/1/6/0/91600416/mve_15.png; uploads/9/1/6/0/91600416/mve_17.png"
"897E792FA98CD483F0F0AB2B115F82EA3D75D989FA61DF11B1F7394EB35A3A85","3","891444","1782888","image","uploads/9/1/6/0/91600416/photo-romy-circle_2.png","/media/images/photo-romy-circle-2.png","uploads/9/1/6/0/91600416/photo-romy-circle_1.png; uploads/9/1/6/0/91600416/photo-romy-circle_2.png; uploads/9/1/6/0/91600416/photo-romy-circle_orig.png"
"EC4350E88918BD10F0ACEA4A164F29FAB211661089DFCEE002D579957A977797","13","138735","1664820","image","uploads/9/1/6/0/91600416/img-0005_7.jpeg","/media/images/img-0005-7.jpeg","uploads/9/1/6/0/91600416/img-0005_10.jpeg; uploads/9/1/6/0/91600416/img-0005_11.jpeg; uploads/9/1/6/0/91600416/img-0005_12.jpeg; uploads/9/1/6/0/91600416/img-0005_13.jpeg; uploads/9/1/6/0/91600416/img-0005_15.jpeg"
"8F772C22C080D351971FC6AD7B78C125B8F560842EBF0F1B69ECEE71B91E848E","5","401553","1606212","image","uploads/9/1/6/0/91600416/alius-tulpa-banner_4.gif","/media/images/alius-tulpa-banner-4.gif","uploads/9/1/6/0/91600416/alius-tulpa-banner_2.gif; uploads/9/1/6/0/91600416/alius-tulpa-banner_3.gif; uploads/9/1/6/0/91600416/alius-tulpa-banner_4.gif; uploads/9/1/6/0/91600416/alius-tulpa-banner_5.gif; uploads/9/1/6/0/91600416/alius-tulpa-banner_orig.gif"
"F736E6C9C0C029EDCFED889F5981F3CFB223966393FA7D639D065DA3A1350448","2","1585242","1585242","image","uploads/9/1/6/0/91600416/bioresponsive-mechanics_orig.gif","/media/images/bioresponsive-mechanics-orig.gif","uploads/9/1/6/0/91600416/bioresponsive-mechanics_1.gif; uploads/9/1/6/0/91600416/bioresponsive-mechanics_orig.gif"
"71C36568751F90A532C895A057AD1750B4C42D2939BF12151CADCD001D5E2B8C","3","723089","1446178","image","uploads/9/1/6/0/91600416/michael-lifshitz-headshot-michael-lifshitz-circle_2.png","/media/images/michael-lifshitz-headshot-michael-lifshitz-circle-2.png","uploads/9/1/6/0/91600416/michael-lifshitz-headshot-michael-lifshitz-circle_1.png; uploads/9/1/6/0/91600416/michael-lifshitz-headshot-michael-lifshitz-circle_2.png; uploads/9/1/6/0/91600416/michael-lifshitz-headshot-michael-lifshitz-circle_orig.png"
"C7C3B31F598110DA54E2F35C0A7738E8FCD63101F25E6A812E2B3ABFF40D58F3","10","154493","1390437","image","uploads/9/1/6/0/91600416/bf2219f7-6fae-4142-a471-48f13ae4193a-1-201-a_1.jpeg","/media/images/bf2219f7-6fae-4142-a471-48f13ae4193a-1-201-a-1.jpeg","uploads/9/1/6/0/91600416/bf2219f7-6fae-4142-a471-48f13ae4193a-1-201-a_1.jpeg; uploads/9/1/6/0/91600416/bf2219f7-6fae-4142-a471-48f13ae4193a-1-201-a_10.jpeg; uploads/9/1/6/0/91600416/bf2219f7-6fae-4142-a471-48f13ae4193a-1-201-a_12.jpeg; uploads/9/1/6/0/91600416/bf2219f7-6fae-4142-a471-48f13ae4193a-1-201-a_2.jpeg; uploads/9/1/6/0/91600416/bf2219f7-6fae-4142-a471-48f13ae4193a-1-201-a_3.jpeg"
"0F3E48C3D14016CD4D096598F9097AB7AA9D220CB1C281B1EE01D21C3736D41C","13","107685","1292220","image","uploads/9/1/6/0/91600416/selen_3.jpg","/media/images/selen-3.jpg","uploads/9/1/6/0/91600416/selen_11.jpg; uploads/9/1/6/0/91600416/selen_12.jpg; uploads/9/1/6/0/91600416/selen_13.jpg; uploads/9/1/6/0/91600416/selen_14.jpg; uploads/9/1/6/0/91600416/selen_16.jpg"
"F38D7B9430881AFA05A72782FFD8BA9A6C97E6988177ABE5DB2C109D0D2317BF","2","1281007","1281007","pdf","uploads/9/1/6/0/91600416/theuseofpsychedelicsinthetreatmentofdisordersofconsciousness_ogosseries_ready2.pdf","/library/pdfs/theuseofpsychedelicsinthetreatmentofdisordersofconsciousness-ogosseries-ready2.pdf","uploads/9/1/6/0/91600416/theuseofpsychedelicsinthetreatmentofdisordersofconsciousness_ogosseries_ready.pdf; uploads/9/1/6/0/91600416/theuseofpsychedelicsinthetreatmentofdisordersofconsciousness_ogosseries_ready2.pdf"
"20026748DC2EC8B082A363E193467B3EFD13F9A3B353C93C6A2B32EFDA353FBE","2","1261972","1261972","image","uploads/9/1/6/0/91600416/screenshot-2025-05-28-at-12-32-03-noah-clark-circle_1.png","/media/images/screenshot-2025-05-28-at-12-32-03-noah-clark-circle-1.png","uploads/9/1/6/0/91600416/screenshot-2025-05-28-at-12-32-03-noah-clark-circle_1.png; uploads/9/1/6/0/91600416/screenshot-2025-05-28-at-12-32-03-noah-clark-circle_orig.png"
"06352AF3B37EE58F7E70BBE865BC8B50BDE86BC0C4E543938B0B160B629B43DD","13","99534","1194408","image","uploads/9/1/6/0/91600416/romypic-website-crop_2.jpg","/media/images/romypic-website-crop-2.jpg","uploads/9/1/6/0/91600416/romypic-website-crop_1.jpg; uploads/9/1/6/0/91600416/romypic-website-crop_10.jpg; uploads/9/1/6/0/91600416/romypic-website-crop_11.jpg; uploads/9/1/6/0/91600416/romypic-website-crop_12.jpg; uploads/9/1/6/0/91600416/romypic-website-crop_13.jpg"
"7EFB9D00C6AF4607B62DA0EE4E292F51894BEE3E34F1735C823CF13628338144","13","97878","1174536","image","uploads/9/1/6/0/91600416/img-1590_1.jpg","/media/images/img-1590-1.jpg","uploads/9/1/6/0/91600416/img-1590_1.jpg; uploads/9/1/6/0/91600416/img-1590_10.jpg; uploads/9/1/6/0/91600416/img-1590_11.jpg; uploads/9/1/6/0/91600416/img-1590_13.jpg; uploads/9/1/6/0/91600416/img-1590_15.jpg"
"4F4545C918F31C113045E0D7F365DF9F457B16F172DB3363158EB381C845C3F8","3","564021","1128042","image","uploads/9/1/6/0/91600416/jonas_3.png","/media/images/jonas-3.png","uploads/9/1/6/0/91600416/jonas_2.png; uploads/9/1/6/0/91600416/jonas_3.png; uploads/9/1/6/0/91600416/jonas_4.png"
"9A23C0EE723247B38EBD053277DE860BD3A48F16461FEE213C74EDBA9A0EA47F","11","109556","1095560","image","uploads/9/1/6/0/91600416/293757246-10217187236033323-3017171785644245039-n_1.jpg","/media/images/293757246-10217187236033323-3017171785644245039-n-1.jpg","uploads/9/1/6/0/91600416/293757246-10217187236033323-3017171785644245039-n_1.jpg; uploads/9/1/6/0/91600416/293757246-10217187236033323-3017171785644245039-n_10.jpg; uploads/9/1/6/0/91600416/293757246-10217187236033323-3017171785644245039-n_12.jpg; uploads/9/1/6/0/91600416/293757246-10217187236033323-3017171785644245039-n_2.jpg; uploads/9/1/6/0/91600416/293757246-10217187236033323-3017171785644245039-n_3.jpg"
"3D2929910B5BFF852E8FF4D44B9D5BF1E9E76C44108838A3D79BE457A04552F1","2","1093770","1093770","image","uploads/9/1/6/0/91600416/img-20250208-141117-philipp-th-lke-circle_1.png","/media/images/img-20250208-141117-philipp-th-lke-circle-1.png","uploads/9/1/6/0/91600416/img-20250208-141117-philipp-th-lke-circle_1.png; uploads/9/1/6/0/91600416/img-20250208-141117-philipp-th-lke-circle_orig.png"
"E5E5E397D6DA48C67172C1C8EF7344EC15AD052D873AD80A8FB4923B9FFEAD20","2","1043474","1043474","image","uploads/9/1/6/0/91600416/imageedit-11-4394935007_5.png","/media/images/imageedit-11-4394935007-5.png","uploads/9/1/6/0/91600416/imageedit-11-4394935007_5.png; uploads/9/1/6/0/91600416/imageedit-11-4394935007_6.png"
"E5ED38741D34C916CFC5B67B157DCA7B89FFD4DBF40638D039E919E61918CE57","7","173330","1039980","image","uploads/9/1/6/0/91600416/marestaralles_1.jpeg","/media/images/marestaralles-1.jpeg","uploads/9/1/6/0/91600416/marestaralles_1.jpeg; uploads/9/1/6/0/91600416/marestaralles_2.jpeg; uploads/9/1/6/0/91600416/marestaralles_3.jpeg; uploads/9/1/6/0/91600416/marestaralles_4.jpeg; uploads/9/1/6/0/91600416/marestaralles_6.jpeg"
"FD24E3C640DC9ACD20EEEDC870D2646597C776FB8400C881C2EBFAECC449AD4C","4","341682","1025046","image","uploads/9/1/6/0/91600416/alius-eventbanner-template-jc-nr14_3.gif","/media/images/alius-eventbanner-template-jc-nr14-3.gif","uploads/9/1/6/0/91600416/alius-eventbanner-template-jc-nr14_1.gif; uploads/9/1/6/0/91600416/alius-eventbanner-template-jc-nr14_3.gif; uploads/9/1/6/0/91600416/alius-eventbanner-template-jc-nr14_4.gif; uploads/9/1/6/0/91600416/alius-eventbanner-template-jc-nr14_orig.gif"
"E9FA33A218955672520B18AAD8B92027B4ECC87B31F171EED37911529EAD9F72","10","110365","993285","image","uploads/9/1/6/0/91600416/portrait-1-format-carre-4-jpg-1-orig_1.png","/media/images/portrait-1-format-carre-4-jpg-1-orig-1.png","uploads/9/1/6/0/91600416/portrait-1-format-carre-4-jpg-1-orig.png; uploads/9/1/6/0/91600416/portrait-1-format-carre-4-jpg-1-orig_1.png; uploads/9/1/6/0/91600416/portrait-1-format-carre-4-jpg-1-orig_10.png; uploads/9/1/6/0/91600416/portrait-1-format-carre-4-jpg-1-orig_12.png; uploads/9/1/6/0/91600416/portrait-1-format-carre-4-jpg-1-orig_2.png"
"F375948E231F2EB7AA34CD77D0862D71397F328D1AEF4F3ADBB0CEA7341F7408","2","964981","964981","image","uploads/9/1/6/0/91600416/174299951787553162-2_orig.png","/media/images/174299951787553162-2-orig.png","uploads/9/1/6/0/91600416/174299951787553162-2_1.png; uploads/9/1/6/0/91600416/174299951787553162-2_orig.png"
"B4D97B9E72E7D34EC3E1D4D1D0A3748E84024C69730BBF35C75A967C9F04F9F2","2","895365","895365","pdf","uploads/9/1/6/0/91600416/alius_workshop_2017_-_flyer.pdf","/library/pdfs/alius-workshop-2017-flyer.pdf","uploads/9/1/6/0/91600416/alius_workshop_2017_-_flyer.pdf; uploads/9/1/6/0/91600416/alius_workshop_2017_-_flyer_3.pdf"
"196E8A4D3A9886F663D9E869C0EDF3AE4580EAAC0ABA05C16DE96C7A19B41941","2","892198","892198","image","uploads/9/1/6/0/91600416/174196685914705463_1.png","/media/images/174196685914705463-1.png","uploads/9/1/6/0/91600416/174196685914705463_1.png; uploads/9/1/6/0/91600416/174196685914705463_orig.png"
"25D23AF5A3A0F2E0621738839EC31EB6C02FE4B6ADF2C62ECD7F34D7B4F47D1F","2","870212","870212","image","uploads/9/1/6/0/91600416/taylorh-color-headshot-hector-taylor-circle_1.png","/media/images/taylorh-color-headshot-hector-taylor-circle-1.png","uploads/9/1/6/0/91600416/taylorh-color-headshot-hector-taylor-circle_1.png; uploads/9/1/6/0/91600416/taylorh-color-headshot-hector-taylor-circle_orig.png"
"E4F325B19ACDECEE080968AF4D94832DE625764AC1471BFE19FD5F73CC98A3DF","2","851033","851033","image","uploads/9/1/6/0/91600416/je-visionnaire_2.png","/media/images/je-visionnaire-2.png","uploads/9/1/6/0/91600416/je-visionnaire_2.png; uploads/9/1/6/0/91600416/je-visionnaire_6.png"
"C463298D479689C9143DAE56C55637ABEB07A245490109D12A3B886388CD871E","4","276318","828954","image","uploads/9/1/6/0/91600416/alius-eventbanner-template-jc-nr11_1.gif","/media/images/alius-eventbanner-template-jc-nr11-1.gif","uploads/9/1/6/0/91600416/alius-eventbanner-template-jc-nr11_1.gif; uploads/9/1/6/0/91600416/alius-eventbanner-template-jc-nr11_3.gif; uploads/9/1/6/0/91600416/alius-eventbanner-template-jc-nr11_4.gif; uploads/9/1/6/0/91600416/alius-eventbanner-template-jc-nr11_orig.gif"
"81B944E3A63E8EBC55660E81240D75DDE9093C36E697F5E6DCDBC467728C4437","2","761150","761150","image","uploads/9/1/6/0/91600416/micha_1.png",,"uploads/9/1/6/0/91600416/micha_1.png; uploads/9/1/6/0/91600416/micha_orig.png"
"54A97955D88E5356F7C9CFCF89197A13BBDBE68F4B81DC83983B70510364E94C","2","759013","759013","image","uploads/9/1/6/0/91600416/kezia-circle_2.png",,"uploads/9/1/6/0/91600416/kezia-circle_2.png; uploads/9/1/6/0/91600416/kezia-circle_orig.png"
"55917605060289BA0B07A887A520DEFAF483D9B8D853103B82289286CCB7A3E7","2","756170","756170","pdf","uploads/9/1/6/0/91600416/friston_-_of_woodlice_and_men.pdf","/library/pdfs/friston-of-woodlice-and-men.pdf","uploads/9/1/6/0/91600416/friston_-_of_woodlice_and_men.pdf; uploads/9/1/6/0/91600416/friston_-_of_woodlice_and_men_1.pdf"
"43580627C059CDF41C8667A53994D25ACC23D77D72F98EFB20EBFC665B57487E","2","733488","733488","pdf","uploads/9/1/6/0/91600416/bulletin03-winkelmaninterview.pdf","/library/pdfs/bulletin03-winkelmaninterview.pdf","uploads/9/1/6/0/91600416/bulletin03-winkelmaninterview.pdf; uploads/9/1/6/0/91600416/bulletin03-winkelmaninterview_1.pdf"
"A119439302A58254C5602952EDDA0F4FE1A96C76E9B9426183E1BE8F314E15DD","13","60755","729060","image","uploads/9/1/6/0/91600416/photo-lena-coutrot-orig_3.jpg","/media/images/photo-lena-coutrot-orig-3.jpg","uploads/9/1/6/0/91600416/photo-lena-coutrot-orig_1.jpg; uploads/9/1/6/0/91600416/photo-lena-coutrot-orig_10.jpg; uploads/9/1/6/0/91600416/photo-lena-coutrot-orig_11.jpg; uploads/9/1/6/0/91600416/photo-lena-coutrot-orig_12.jpg; uploads/9/1/6/0/91600416/photo-lena-coutrot-orig_13.jpg"
"A7E9B8E1AC4C56678E2771369CA8C8CC4E0208C86DA815CD3AADA172C9DB2563","2","726661","726661","image","uploads/9/1/6/0/91600416/background-images/background-images/794863692.jpg",,"uploads/9/1/6/0/91600416/background-images/background-images/794863692.jpg; uploads/9/1/6/0/91600416/background-images/background-images/876716117.jpg"
"6FEF3C9DDC587BE3F8CCC5DBDFE3A9801E3B59C77F2F9E8FF2DD9DD69EC85846","3","345513","691026","image","uploads/9/1/6/0/91600416/alius-eventbanner-template-jc-nr16_2.gif","/media/images/alius-eventbanner-template-jc-nr16-2.gif","uploads/9/1/6/0/91600416/alius-eventbanner-template-jc-nr16_2.gif; uploads/9/1/6/0/91600416/alius-eventbanner-template-jc-nr16_3.gif; uploads/9/1/6/0/91600416/alius-eventbanner-template-jc-nr16_orig.gif"
"9FB159A89A0B8D23F7125753BEAF5B97A798A02EF08E2E3B775CB704B384FB0C","2","664752","664752","image","uploads/9/1/6/0/91600416/zuri_1.png","/media/images/zuri-1.png","uploads/9/1/6/0/91600416/zuri_1.png; uploads/9/1/6/0/91600416/zuri_orig.png"
"9E6B8373CF0E969E9BE4806CCFAE97C65150D9DD3A7C85298A86C837F13144A9","2","656250","656250","image","uploads/9/1/6/0/91600416/mar_5.png","/media/images/mar-5.png","uploads/9/1/6/0/91600416/mar_1.png; uploads/9/1/6/0/91600416/mar_5.png"
"1A73FB2B475D9989D7E9992AFBF9FB778FFECBF8AA7A7265976C3B49B02F2B7B","13","53784","645408","image","uploads/9/1/6/0/91600416/chris-headshot-crop_7.jpg","/media/images/chris-headshot-crop-7.jpg","uploads/9/1/6/0/91600416/chris-headshot-crop_10.jpg; uploads/9/1/6/0/91600416/chris-headshot-crop_11.jpg; uploads/9/1/6/0/91600416/chris-headshot-crop_12.jpg; uploads/9/1/6/0/91600416/chris-headshot-crop_13.jpg; uploads/9/1/6/0/91600416/chris-headshot-crop_16.jpg"
"FC99196EB18FEE2E3D12F53F47179FF4569F0C7D295ED4ECFF370FAC41993FA9","15","45738","640332","image","uploads/9/1/6/0/91600416/img-2388_3.jpeg","/media/images/img-2388-3.jpeg","uploads/9/1/6/0/91600416/img-2388_1.jpeg; uploads/9/1/6/0/91600416/img-2388_11.jpeg; uploads/9/1/6/0/91600416/img-2388_12.jpeg; uploads/9/1/6/0/91600416/img-2388_13.jpeg; uploads/9/1/6/0/91600416/img-2388_14.jpeg"
"0FFB5EF3E41230BC696B6F233814A0E003C13F97F7DAC667EDF8FFF905C03642","10","70211","631899","image","uploads/9/1/6/0/91600416/94518046-542038530053425-7176690141715496960-n_1.jpg","/media/images/94518046-542038530053425-7176690141715496960-n-1.jpg","uploads/9/1/6/0/91600416/94518046-542038530053425-7176690141715496960-n.jpg; uploads/9/1/6/0/91600416/94518046-542038530053425-7176690141715496960-n_1.jpg; uploads/9/1/6/0/91600416/94518046-542038530053425-7176690141715496960-n_10.jpg; uploads/9/1/6/0/91600416/94518046-542038530053425-7176690141715496960-n_12.jpg; uploads/9/1/6/0/91600416/94518046-542038530053425-7176690141715496960-n_2.jpg"
"C94755A27BE7809947EA2516421DD462C3D1C71419EA8A69DCDF5DA011E989AF","2","625444","625444","image","uploads/9/1/6/0/91600416/me-green-vince-polito-circle_1.png","/media/images/me-green-vince-polito-circle-1.png","uploads/9/1/6/0/91600416/me-green-vince-polito-circle_1.png; uploads/9/1/6/0/91600416/me-green-vince-polito-circle_orig.png"
"32BDF6470198620460835BBC6D9137DBC3AA9C7151D74503DFCCA5DB7F2E3242","10","68876","619884","image","uploads/9/1/6/0/91600416/50720462-10156998651687436-9135200687594930176-n_1.jpg","/media/images/50720462-10156998651687436-9135200687594930176-n-1.jpg","uploads/9/1/6/0/91600416/50720462-10156998651687436-9135200687594930176-n.jpg; uploads/9/1/6/0/91600416/50720462-10156998651687436-9135200687594930176-n_1.jpg; uploads/9/1/6/0/91600416/50720462-10156998651687436-9135200687594930176-n_10.jpg; uploads/9/1/6/0/91600416/50720462-10156998651687436-9135200687594930176-n_12.jpg; uploads/9/1/6/0/91600416/50720462-10156998651687436-9135200687594930176-n_2.jpg"
"208623FB7DFBA59C212A38109A97700F8B25B4CE24AA8B4634BE72A4A9B85212","4","202348","607044","image","uploads/9/1/6/0/91600416/tnnl0526_3.jpg","/media/images/tnnl0526-3.jpg","uploads/9/1/6/0/91600416/tnnl0526_1.jpg; uploads/9/1/6/0/91600416/tnnl0526_3.jpg; uploads/9/1/6/0/91600416/tnnl0526_4.jpg; uploads/9/1/6/0/91600416/tnnl0526_5.jpg"
"4C0C832EBC5B0A220BE2ECD6CCBAB703A9D9990E923E53B71B96C27B16457EF2","2","604071","604071","image","uploads/9/1/6/0/91600416/background-images/background-images/585661361.jpg",,"uploads/9/1/6/0/91600416/background-images/background-images/585661361.jpg; uploads/9/1/6/0/91600416/background-images/background-images/627767262.jpg"
"C9783A65CCAA6097E4B9C920B05A80C83E55166A093369FE4C909E86FC11564E","4","198673","596019","image","uploads/9/1/6/0/91600416/alius-eventbanner-template-jc-nr03_3.gif","/media/images/alius-eventbanner-template-jc-nr03-3.gif","uploads/9/1/6/0/91600416/alius-eventbanner-template-jc-nr03_2.gif; uploads/9/1/6/0/91600416/alius-eventbanner-template-jc-nr03_3.gif; uploads/9/1/6/0/91600416/alius-eventbanner-template-jc-nr03_4.gif; uploads/9/1/6/0/91600416/alius-eventbanner-template-jc-nr03_orig.gif"
"3AC8ACFF494E6C950C19299DB02A3A49DD3C49FFA89749A77F0CB28B74F4DFE0","2","591594","591594","image","uploads/9/1/6/0/91600416/bigna_1.png",,"uploads/9/1/6/0/91600416/bigna_1.png; uploads/9/1/6/0/91600416/bigna_orig.png"
"FA6D1211CFD57C42000A08DC3E144C45299C3E4F2C1DAC1561DF10A867D8C4F0","3","293189","586378","image","uploads/9/1/6/0/91600416/distraction-plot_1.png",,"uploads/9/1/6/0/91600416/distraction-plot_1.png; uploads/9/1/6/0/91600416/distraction-plot_2.png; uploads/9/1/6/0/91600416/distraction-plot_orig.png"
"14E35899B738BEA0B5E43DC61376C98CB0ECE9EB9423809730796CB1C2CAAF52","4","194852","584556","pdf","uploads/9/1/6/0/91600416/alius_episode_~_what_is_it_like_to_be_asleep__2022__1.pdf","/library/pdfs/alius-episode-what-is-it-like-to-be-asleep-2022-1.pdf","uploads/9/1/6/0/91600416/alius_episode_~_what_is_it_like_to_be_asleep__2022_.pdf; uploads/9/1/6/0/91600416/alius_episode_~_what_is_it_like_to_be_asleep__2022__1.pdf; uploads/9/1/6/0/91600416/alius_episode_~_what_is_it_like_to_be_asleep__2022__2.pdf; uploads/9/1/6/0/91600416/what_is_it_like_to_sleep_-_matthieu_koroma.pdf"
"21F6E219DAEF1B3BDD7710EAE6618ACCA1AE1E247FDD1FD39E7CF5883340057F","12","52365","576015","image","uploads/9/1/6/0/91600416/tom-froese_6.jpg","/media/images/tom-froese-6.jpg","uploads/9/1/6/0/91600416/tom-froese_10.jpg; uploads/9/1/6/0/91600416/tom-froese_11.jpg; uploads/9/1/6/0/91600416/tom-froese_12.jpg; uploads/9/1/6/0/91600416/tom-froese_14.jpg; uploads/9/1/6/0/91600416/tom-froese_15.jpg"
"D3EBB2FB96E86E8DB4D0625EC800029484DEC30504B325F90D4CC989A11DF0AB","2","562925","562925","image","uploads/9/1/6/0/91600416/alius-eventbanner-psychedelcis-meditation-template-jc-nr09_3.gif",,"uploads/9/1/6/0/91600416/alius-eventbanner-psychedelcis-meditation-template-jc-nr09_3.gif; uploads/9/1/6/0/91600416/alius-eventbanner-psychedelcis-meditation-template-jc-nr09_orig.gif"
"DAED35BEC3D0752D5623A209EC1A198F5F79AC0F9582F28B01DF070E8C538BBB","2","562508","562508","image","uploads/9/1/6/0/91600416/taru_1.png",,"uploads/9/1/6/0/91600416/taru_1.png; uploads/9/1/6/0/91600416/taru_orig.png"
"A67838F8E230D4F751D3AC1D2A591CF2826552053BA5593E4D3AA03159B84B7D","10","61586","554274","image","uploads/9/1/6/0/91600416/foto-juan-60_1.jpg","/media/images/foto-juan-60-1.jpg","uploads/9/1/6/0/91600416/foto-juan-60_1.jpg; uploads/9/1/6/0/91600416/foto-juan-60_10.jpg; uploads/9/1/6/0/91600416/foto-juan-60_12.jpg; uploads/9/1/6/0/91600416/foto-juan-60_2.jpg; uploads/9/1/6/0/91600416/foto-juan-60_3.jpg"
"8756F3960EDB904FD4FA0C08781BA7417DDF03AF0C894504A4B371F433215168","12","50214","552354","image","uploads/9/1/6/0/91600416/arnaud-halloy_7.jpg","/media/images/arnaud-halloy-7.jpg","uploads/9/1/6/0/91600416/arnaud-halloy_10.jpg; uploads/9/1/6/0/91600416/arnaud-halloy_11.jpg; uploads/9/1/6/0/91600416/arnaud-halloy_12.jpg; uploads/9/1/6/0/91600416/arnaud-halloy_13.jpg; uploads/9/1/6/0/91600416/arnaud-halloy_15.jpg"
"3482D2A37173474ADAA954788867A8D2AF85A0258E4968F7E7D6473EE3A09146","6","110415","552075","image","uploads/9/1/6/0/91600416/portrait-1-format-carre-4-jpg_1.png","/media/images/portrait-1-format-carre-4-jpg-1.png","uploads/9/1/6/0/91600416/portrait-1-format-carre-4-jpg_1.png; uploads/9/1/6/0/91600416/portrait-1-format-carre-4-jpg_1_orig.png; uploads/9/1/6/0/91600416/portrait-1-format-carre-4-jpg_2.png; uploads/9/1/6/0/91600416/portrait-1-format-carre-4-jpg_2_orig.png; uploads/9/1/6/0/91600416/portrait-1-format-carre-4-jpg_3.png"
"7B2AEC20BCE69F3ED8569D5BF1AB799593FE30E73D9184BCF78F682EBABE3CFE","3","271139","542278","image","uploads/9/1/6/0/91600416/175094168974928682_3.png","/media/images/175094168974928682-3.png","uploads/9/1/6/0/91600416/175094168974928682_1.png; uploads/9/1/6/0/91600416/175094168974928682_3.png; uploads/9/1/6/0/91600416/175094168974928682_orig.png"
"1C4CD611FDC13AAD07347CE8C6C9F986AC170B7E130CA766D410B0AE36BD9B4B","13","44329","531948","image","uploads/9/1/6/0/91600416/2016-05-26-a-scholar_7.jpg","/media/images/2016-05-26-a-scholar-7.jpg","uploads/9/1/6/0/91600416/2016-05-26-a-scholar_10.jpg; uploads/9/1/6/0/91600416/2016-05-26-a-scholar_11.jpg; uploads/9/1/6/0/91600416/2016-05-26-a-scholar_12.jpg; uploads/9/1/6/0/91600416/2016-05-26-a-scholar_13.jpg; uploads/9/1/6/0/91600416/2016-05-26-a-scholar_15.jpg"
"20BDB6A4E4B9D4F17AFAEE6A09D587DD0BE1B3F4ADA5327C0ABAF9134B8DE6BE","10","56162","505458","image","uploads/9/1/6/0/91600416/240321-dm-charlottemartial-140-photoroom1_1.jpg","/media/images/240321-dm-charlottemartial-140-photoroom1-1.jpg","uploads/9/1/6/0/91600416/240321-dm-charlottemartial-140-photoroom1_1.jpg; uploads/9/1/6/0/91600416/240321-dm-charlottemartial-140-photoroom1_10.jpg; uploads/9/1/6/0/91600416/240321-dm-charlottemartial-140-photoroom1_12.jpg; uploads/9/1/6/0/91600416/240321-dm-charlottemartial-140-photoroom1_2.jpg; uploads/9/1/6/0/91600416/240321-dm-charlottemartial-140-photoroom1_3.jpg"
"A49AF3B80D05EA86B87D5EC3032EEEC61853F8BF906A261A50D9ACEB18D40795","4","167727","503181","image","uploads/9/1/6/0/91600416/alius-eventbanner-template-jc-nr-13_2.jpg","/media/images/alius-eventbanner-template-jc-nr-13-2.jpg","uploads/9/1/6/0/91600416/alius-eventbanner-template-jc-nr-13_1.jpg; uploads/9/1/6/0/91600416/alius-eventbanner-template-jc-nr-13_2.jpg; uploads/9/1/6/0/91600416/alius-eventbanner-template-jc-nr-13_3.jpg; uploads/9/1/6/0/91600416/alius-eventbanner-template-jc-nr-13_orig.jpg"
"11DC460AA9576167484FDFEDCA2CAE1CE69D88BBCD94738EFF060A940AC8E98B","4","167297","501891","image","uploads/9/1/6/0/91600416/johannes_1.png",,"uploads/9/1/6/0/91600416/johannes_1.png; uploads/9/1/6/0/91600416/johannes_2.png; uploads/9/1/6/0/91600416/johannes_3.png; uploads/9/1/6/0/91600416/johannes_orig.png"
"084BC26E4499A177D1577046228C763BABD06A3A10BCC65A6611085890ABF987","4","166615","499845","image","uploads/9/1/6/0/91600416/coveralius6-final3_1.png","/media/images/coveralius6-final3-1.png","uploads/9/1/6/0/91600416/coveralius6-final_orig.png; uploads/9/1/6/0/91600416/coveralius6-final2_orig.png; uploads/9/1/6/0/91600416/coveralius6-final3_1.png; uploads/9/1/6/0/91600416/coveralius6-final3_2.png"
"7C4B139E54625350FA99B2C3968003471EB712D855D4D1F3527A3ED599C5549A","2","492465","492465","image","uploads/9/1/6/0/91600416/makino-2-yutaka-makino-circle_1.png","/media/images/makino-2-yutaka-makino-circle-1.png","uploads/9/1/6/0/91600416/makino-2-yutaka-makino-circle_1.png; uploads/9/1/6/0/91600416/makino-2-yutaka-makino-circle_orig.png"
"455145703E1319A23FA9397553CBF78117F8F5F3F3F042B9318309A35FBAA85A","3","242307","484614","image","uploads/9/1/6/0/91600416/bucci_9.jpg","/media/images/bucci-9.jpg","uploads/9/1/6/0/91600416/bucci_10.jpg; uploads/9/1/6/0/91600416/bucci_9.jpg; uploads/9/1/6/0/91600416/bucci_orig.jpg"
"08FD741AC877F57734DFB121B98FB6C3B1FE4DA20FC93A010E32FB5835D02F88","13","40175","482100","image","uploads/9/1/6/0/91600416/pozegp-color-document-photo_7.jpg","/media/images/pozegp-color-document-photo-7.jpg","uploads/9/1/6/0/91600416/pozegp-color-document-photo_10.jpg; uploads/9/1/6/0/91600416/pozegp-color-document-photo_11.jpg; uploads/9/1/6/0/91600416/pozegp-color-document-photo_12.jpg; uploads/9/1/6/0/91600416/pozegp-color-document-photo_13.jpg; uploads/9/1/6/0/91600416/pozegp-color-document-photo_15.jpg"
"C8E746E798D3B1CC164757221429E4FB9A88F7A7216DEDDC12F1F3ECB7AA950D","2","475652","475652","image","uploads/9/1/6/0/91600416/background-images/background-images/91018499.jpeg",,"uploads/9/1/6/0/91600416/background-images/background-images/91018499.jpeg; uploads/9/1/6/0/91600416/background-images/background-images/983230510.jpeg"
"8892130AE1E5783230DF6DB3201F99142A0D8870F9EF855200138D2EDAB2A0EE","4","155940","467820","image","uploads/9/1/6/0/91600416/alfredo-headshot-2022-small-alfredo-parra-circle_4.png","/media/images/alfredo-headshot-2022-small-alfredo-parra-circle-4.png","uploads/9/1/6/0/91600416/alfredo-headshot-2022-small-alfredo-parra-circle_2.png; uploads/9/1/6/0/91600416/alfredo-headshot-2022-small-alfredo-parra-circle_3.png; uploads/9/1/6/0/91600416/alfredo-headshot-2022-small-alfredo-parra-circle_4.png; uploads/9/1/6/0/91600416/alfredo-headshot-2022-small-alfredo-parra-circle_5.png"
"2EB3C1B3F976AC9586C118B2F01D13B8BBDCE9F3DD04A3DF5BBFE76ABCFFEC94","4","154413","463239","image","uploads/9/1/6/0/91600416/alius-eventbanner-template_3.gif","/media/images/alius-eventbanner-template-3.gif","uploads/9/1/6/0/91600416/alius-eventbanner-template_2.gif; uploads/9/1/6/0/91600416/alius-eventbanner-template_3.gif; uploads/9/1/6/0/91600416/alius-eventbanner-template_4.gif; uploads/9/1/6/0/91600416/alius-eventbanner-template_orig.gif"
"0715C3DFF405D223CF830C86805DB1DAAA8624EA12DACBD3DB61B0FB9F4734C5","2","459918","459918","pdf","uploads/9/1/6/0/91600416/flyer_je_images_visionnaires_cdf_2.pdf","/library/pdfs/flyer-je-images-visionnaires-cdf-2.pdf","uploads/9/1/6/0/91600416/flyer_je_images_visionnaires_cdf_2.pdf; uploads/9/1/6/0/91600416/flyer_je_images_visionnaires_cdf_6.pdf"
"1C46EA865CF5DD5D4C184092C05A8ED3A28CD92B5C4414140313FCF26EE39245","3","226608","453216","image","uploads/9/1/6/0/91600416/image_2.png","/media/images/image-2.png","uploads/9/1/6/0/91600416/image_2.png; uploads/9/1/6/0/91600416/image_4.png; uploads/9/1/6/0/91600416/image_5.png"
"378A0832D7D04127E4EF33E098EE1369A13293DEBEDF673ACD639FA9F4114A5E","3","222998","445996","pdf","uploads/9/1/6/0/91600416/dmt_in_the_mammalian_brain_nichols_nichols_ready.pdf","/library/pdfs/dmt-in-the-mammalian-brain-nichols-nichols-ready.pdf","uploads/9/1/6/0/91600416/dmt_in_the_mammalian_brain_nichols_nichols_ready.pdf; uploads/9/1/6/0/91600416/dmt_in_the_mammalian_brain_nichols_nichols_ready_1.pdf; uploads/9/1/6/0/91600416/dmt_in_the_mammalian_brain_nichols_nichols_ready_2.pdf"
"7EEA4F4A3D9220AE7874CB61656D3AAFC6116CE3E3B38B318B782BED161F6EAA","2","436767","436767","image","uploads/9/1/6/0/91600416/trevelinformationbutton_orig.png","/media/images/trevelinformationbutton-orig.png","uploads/9/1/6/0/91600416/trevelinformationbutton_orig.png; uploads/9/1/6/0/91600416/trevelinformationbutton-orig_orig.png"
"7720C867111E9DF7DB571F4C29E5831C222718C5E49FE2940774888BAD139DAA","2","431737","431737","pdf","uploads/9/1/6/0/91600416/nichols_-_psychedelics.pdf","/library/pdfs/nichols-psychedelics.pdf","uploads/9/1/6/0/91600416/nichols_-_psychedelics.pdf; uploads/9/1/6/0/91600416/nichols_-_psychedelics_1.pdf"
"DABDE9D182256CABF59BE2A541A38499283C187C40161CE9145722071F8F0B68","6","86192","430960","image","uploads/9/1/6/0/91600416/1479997848-11.png","/media/images/1479997848-11.png","uploads/9/1/6/0/91600416/1479997848-11.png; uploads/9/1/6/0/91600416/1479997848-11_1.png; uploads/9/1/6/0/91600416/1479997848-11_1_orig.png; uploads/9/1/6/0/91600416/1479997848-11_2.png; uploads/9/1/6/0/91600416/1479997848-11_2_orig.png"
"11426CA6C1D7A2AE2EE502E69BDCD12539E068413E49793C735C8894B9F86419","14","32278","419614","image","uploads/9/1/6/0/91600416/squared_8.jpg","/media/images/squared-8.jpg","uploads/9/1/6/0/91600416/squared.jpg; uploads/9/1/6/0/91600416/squared_10.jpg; uploads/9/1/6/0/91600416/squared_11.jpg; uploads/9/1/6/0/91600416/squared_12.jpg; uploads/9/1/6/0/91600416/squared_13.jpg"
"5EFAB174F93C8FAD20ECDC682038CB2411E8D8155A1385EBDD91FAB799346B99","2","418239","418239","image","uploads/9/1/6/0/91600416/background-images/background-images/158671041.jpg",,"uploads/9/1/6/0/91600416/background-images/background-images/1230021629.jpg; uploads/9/1/6/0/91600416/background-images/background-images/158671041.jpg"
"8D080AFF72A4F772F6D3CE843946C7C6ECF846FAF055DF85CEAAB2C8088B09D2","7","69457","416742","image","uploads/9/1/6/0/91600416/francoistadel_1.png","/media/images/francoistadel-1.png","uploads/9/1/6/0/91600416/francoistadel_1.png; uploads/9/1/6/0/91600416/francoistadel_2.png; uploads/9/1/6/0/91600416/francoistadel_3.png; uploads/9/1/6/0/91600416/francoistadel_4.png; uploads/9/1/6/0/91600416/francoistadel_6.png"
"1B2A9E6BDB9BE94068AA2E53FA7970BEAA0E7868DD3CA23B195C1501FE6F60EA","3","195235","390470","image","uploads/9/1/6/0/91600416/keisuke_1.png","/media/images/keisuke-1.png","uploads/9/1/6/0/91600416/keisuke_1.png; uploads/9/1/6/0/91600416/keisuke_2.png; uploads/9/1/6/0/91600416/keisuke_orig.png"
"7D581ADC331FE394809E165AE04A680A59EFD0DB9258983DEBE2CCC1637B0AFA","2","389661","389661","pdf","uploads/9/1/6/0/91600416/how_culture_breaks_down_the_mind-body_divide.pdf","/library/pdfs/how-culture-breaks-down-the-mind-body-divide.pdf","uploads/9/1/6/0/91600416/how_culture_breaks_down_the_mind-body_divide.pdf; uploads/9/1/6/0/91600416/how_culture_breaks_down_the_mind-body_divide_1.pdf"
"4424D772149AF34DDC7D707C12B44750E07D25640D53E8C4094D55413818D7CE","2","380891","380891","pdf","uploads/9/1/6/0/91600416/gonzález_-_alius_bulletin_n°6.pdf","/library/pdfs/gonz-lez-alius-bulletin-n-6.pdf","uploads/9/1/6/0/91600416/gonzález_-_alius_bulletin_n°6.pdf; uploads/9/1/6/0/91600416/gonzález_-_alius_bulletin_n°6_1.pdf"
"D791C9F376188D955F5536585A161EFFBB6F24F6B70ADA68873A57C2930A2E77","13","31424","377088","image","uploads/9/1/6/0/91600416/berkovitch-lucie-paris-france_3.jpg","/media/images/berkovitch-lucie-paris-france-3.jpg","uploads/9/1/6/0/91600416/berkovitch-lucie-paris-france_1.jpg; uploads/9/1/6/0/91600416/berkovitch-lucie-paris-france_12.jpg; uploads/9/1/6/0/91600416/berkovitch-lucie-paris-france_13.jpg; uploads/9/1/6/0/91600416/berkovitch-lucie-paris-france_14.jpg; uploads/9/1/6/0/91600416/berkovitch-lucie-paris-france_15.jpg"
"8A9D082BDC4309CD91EE61BAF312830E42828C69FA9372E5E3E0C6B6AFF41008","3","176403","352806","image","uploads/9/1/6/0/91600416/alius-eventbanner-template-jc-nr12_2.jpg","/media/images/alius-eventbanner-template-jc-nr12-2.jpg","uploads/9/1/6/0/91600416/alius-eventbanner-template-jc-nr12_2.jpg; uploads/9/1/6/0/91600416/alius-eventbanner-template-jc-nr12_3.jpg; uploads/9/1/6/0/91600416/alius-eventbanner-template-jc-nr12_orig.jpg"
"617B0994B465CE8C1D783CE779A12E757728B7D7E8572D8B4C9A04BF32EDE33F","6","70194","350970","image","uploads/9/1/6/0/91600416/dall-e-2024-05-29-18-01-30-create-a-minimalistic-black-and-white-pencil-sketch-in-the-style-of-the-perception-of-pain-according-to-descartes-by-gerard-van-gutschoven-1664-t_1.webp",,"uploads/9/1/6/0/91600416/dall-e-2024-05-29-18-01-30-create-a-minimalistic-black-and-white-pencil-sketch-in-the-style-of-the-perception-of-pain-according-to-descartes-by-gerard-van-gutschoven-1664-t_1.webp; uploads/9/1/6/0/91600416/dall-e-2024-05-29-18-01-30-create-a-minimalistic-black-and-white-pencil-sketch-in-the-style-of-the-perception-of-pain-according-to-descartes-by-gerard-van-gutschoven-1664-t_2.webp; uploads/9/1/6/0/91600416/dall-e-2024-05-29-18-01-30-create-a-minimalistic-black-and-white-pencil-sketch-in-the-style-of-the-perception-of-pain-according-to-descartes-by-gerard-van-gutschoven-1664-t_3.webp; uploads/9/1/6/0/91600416/dall-e-2024-05-29-18-01-30-create-a-minimalistic-black-and-white-pencil-sketch-in-the-style-of-the-perception-of-pain-according-to-descartes-by-gerard-van-gutschoven-1664-t_4.webp; uploads/9/1/6/0/91600416/dall-e-2024-05-29-18-01-30-create-a-minimalistic-black-and-white-pencil-sketch-in-the-style-of-the-perception-of-pain-according-to-descartes-by-gerard-van-gutschoven-1664-t_5.webp"
"FAEE4872B06AB19138F0D506D81A940B6B81CC658D3D1C5767D0CCE5DBD1C82F","12","31015","341165","image","uploads/9/1/6/0/91600416/timo-schmidt_2.jpg","/media/images/timo-schmidt-2.jpg","uploads/9/1/6/0/91600416/timo-schmidt_10.jpg; uploads/9/1/6/0/91600416/timo-schmidt_11.jpg; uploads/9/1/6/0/91600416/timo-schmidt_12.jpg; uploads/9/1/6/0/91600416/timo-schmidt_14.jpg; uploads/9/1/6/0/91600416/timo-schmidt_16.jpg"
"2E2F360ACCFA2B06C60FE7683DB5BBBC209DE692F258446B84DB165C23888C4E","2","340704","340704","image","uploads/9/1/6/0/91600416/attendees-orig_1.png",,"uploads/9/1/6/0/91600416/attendees-orig_1.png; uploads/9/1/6/0/91600416/attendees-orig_orig.png"
"4F71325F6FD63215FA13AD7A2AD3B87BB6D0D3D4F5BBF562A445C02DA5E39855","6","66730","333650","image","uploads/9/1/6/0/91600416/bajil-4_1.png","/media/images/bajil-4-1.png","uploads/9/1/6/0/91600416/bajil-4_1.png; uploads/9/1/6/0/91600416/bajil-4_1_orig.png; uploads/9/1/6/0/91600416/bajil-4_2.png; uploads/9/1/6/0/91600416/bajil-4_2_orig.png; uploads/9/1/6/0/91600416/bajil-4_3.png"
"C8433E5CE55BB5F84D88C0A294D1F99A3B4933DF80262A6E4F9EECDF0DC62B58","2","332790","332790","pdf","uploads/9/1/6/0/91600416/doss_m._fejer_g.__2024_._on_the_cinco_sins_of__psychedelic_research._an_interview_with_manoj_doss_by__george_fejer_alius_bulletin_6__https___doi.org_https___doi.org_10.5281_zenodo.10797875.docx.pdf","/library/pdfs/doss-m-fejer-g-2024-on-the-cinco-sins-of-psychedelic-research-an-interview-with-manoj-doss-by-george-fejer-alius-bulletin-6-https-doi-org-https-doi-org-10-5281-zenodo-10797875-docx.pdf","uploads/9/1/6/0/91600416/doss_m._fejer_g.__2024_._on_the_cinco_sins_of__psychedelic_research._an_interview_with_manoj_doss_by__george_fejer_alius_bulletin_6__https___doi.org_https___doi.org_10.5281_zenodo.10797875.docx.pdf; uploads/9/1/6/0/91600416/doss_m._fejer_g.__2024_._on_the_cinco_sins_of__psychedelic_research._an_interview_with_manoj_doss_by__george_fejer_alius_bulletin_6__https___doi.org_https___doi.org_10.5281_zenodo.10797875.docx_1.pdf"
"5004EE9F67DA1296D255AE7DBE999FC531044629B41A2B66AC97663A6395A3CA","2","320764","320764","image","uploads/9/1/6/0/91600416/alius-tulpa-eventbanner2_4.png",,"uploads/9/1/6/0/91600416/alius-tulpa-eventbanner2_4.png; uploads/9/1/6/0/91600416/alius-tulpa-eventbanner2_5.png"
"CE034B1717C444E68527052C7026963D619DB86B8FE677A21B60A57C97064176","2","319187","319187","pdf","uploads/9/1/6/0/91600416/metzinger_-_splendor___misery_of_self-models.pdf","/library/pdfs/metzinger-splendor-misery-of-self-models.pdf","uploads/9/1/6/0/91600416/metzinger_-_splendor___misery_of_self-models.pdf; uploads/9/1/6/0/91600416/metzinger_-_splendor___misery_of_self-models_1.pdf"
"722960673E3500FD38586A27FD62FF77FC4DAC06CA5CFD87453A28FFC5E06A57","2","315192","315192","image","uploads/9/1/6/0/91600416/meta-awareness-plot_1.png",,"uploads/9/1/6/0/91600416/meta-awareness-plot_1.png; uploads/9/1/6/0/91600416/meta-awareness-plot_orig.png"
"96EB273FCCFBF2C43CDA433F022270A9183C6DDF5A3135B5EB5B53845DBB8C19","2","315143","315143","pdf","uploads/9/1/6/0/91600416/fox_-_wandering_along_the_spectrum_of_spontaneous_thinking.pdf","/library/pdfs/fox-wandering-along-the-spectrum-of-spontaneous-thinking.pdf","uploads/9/1/6/0/91600416/fox_-_wandering_along_the_spectrum_of_spontaneous_thinking.pdf; uploads/9/1/6/0/91600416/fox_-_wandering_along_the_spectrum_of_spontaneous_thinking_1.pdf"
"16968ADCFB763EE2113E19F6B0A7F09B27E3F0063880FDE514C268CB89CF1BB1","2","315064","315064","image","uploads/9/1/6/0/91600416/bewerbungsfoto-aline-frick-circle_1.png","/media/images/bewerbungsfoto-aline-frick-circle-1.png","uploads/9/1/6/0/91600416/bewerbungsfoto-aline-frick-circle_1.png; uploads/9/1/6/0/91600416/bewerbungsfoto-aline-frick-circle_orig.png"
"67037279B47D702680F5B2CA472864A1215C5E047829BD2CAEF992F6D50C70B7","2","308999","308999","pdf","uploads/9/1/6/0/91600416/indian_philosophy_and_the_value_of_transformative_experiences_alius_bulletin_5.pdf","/library/pdfs/indian-philosophy-and-the-value-of-transformative-experiences-alius-bulletin-5.pdf","uploads/9/1/6/0/91600416/indian_philosophy_and_the_value_of_transformative_experiences_alius_bulletin_5.pdf; uploads/9/1/6/0/91600416/indian_philosophy_and_the_value_of_transformative_experiences_alius_bulletin_6.pdf"
"AD5CD74CF0BA5C2F122C738C566579FA038DD7EDAED7C19C46526D2324B3CD8B","7","51111","306666","image","uploads/9/1/6/0/91600416/aliceguyon_1.jpg","/media/images/aliceguyon-1.jpg","uploads/9/1/6/0/91600416/aliceguyon_1.jpg; uploads/9/1/6/0/91600416/aliceguyon_2.jpg; uploads/9/1/6/0/91600416/aliceguyon_3.jpg; uploads/9/1/6/0/91600416/aliceguyon_4.jpg; uploads/9/1/6/0/91600416/aliceguyon_6.jpg"
"A08FD9892D9B73D32CF995BA5FFC154A93EE5B2D65078603FABF021D93E046D8","7","49777","298662","image","uploads/9/1/6/0/91600416/cyril-costines_1.png","/media/images/cyril-costines-1.png","uploads/9/1/6/0/91600416/cyril-costines_1.png; uploads/9/1/6/0/91600416/cyril-costines_2.png; uploads/9/1/6/0/91600416/cyril-costines_3.png; uploads/9/1/6/0/91600416/cyril-costines_4.png; uploads/9/1/6/0/91600416/cyril-costines_6.png"
"58E4B7B3FBF895075C820F0F4B6FAF8A833E264281632146310A587A4A431F6B","10","32552","292968","image","uploads/9/1/6/0/91600416/picture1_1.jpg","/media/images/picture1-1.jpg","uploads/9/1/6/0/91600416/picture1_1.jpg; uploads/9/1/6/0/91600416/picture1_11.jpg; uploads/9/1/6/0/91600416/picture1_13.jpg; uploads/9/1/6/0/91600416/picture1_2.jpg; uploads/9/1/6/0/91600416/picture1_3.jpg"
"2133A25DFEB54EB834F8E002B486723F5777843B54007CF64ECFFBF1F956DC69","2","283960","283960","pdf","uploads/9/1/6/0/91600416/carhart-harris_-_psychedelics_and_consciousness.pdf","/library/pdfs/carhart-harris-psychedelics-and-consciousness.pdf","uploads/9/1/6/0/91600416/carhart-harris_-_psychedelics_and_consciousness.pdf; uploads/9/1/6/0/91600416/carhart-harris_-_psychedelics_and_consciousness_1.pdf"
"983EA70EAF23753EDBEF474FD8A5C1AEE670DF1290EB9F48B30BA7A07A967486","3","140447","280894","image","uploads/9/1/6/0/91600416/1479997848_13.png","/media/images/1479997848-13.png","uploads/9/1/6/0/91600416/1479997848_10.png; uploads/9/1/6/0/91600416/1479997848_13.png; uploads/9/1/6/0/91600416/1479997848_14.png"
"4A599EB85F7132A4C8C36566A9DC7BC24A7626D6B82EA9EF0E1CA28FE39529F9","12","24622","270842","image","uploads/9/1/6/0/91600416/cordelia-erickson-davis_3.jpg","/media/images/cordelia-erickson-davis-3.jpg","uploads/9/1/6/0/91600416/cordelia-erickson-davis_11.jpg; uploads/9/1/6/0/91600416/cordelia-erickson-davis_12.jpg; uploads/9/1/6/0/91600416/cordelia-erickson-davis_13.jpg; uploads/9/1/6/0/91600416/cordelia-erickson-davis_14.jpg; uploads/9/1/6/0/91600416/cordelia-erickson-davis_16.jpg"
"448D94D770B8B8354913C9155230CF45C20FD980DFE78C262A6F167081940C4F","12","23649","260139","image","uploads/9/1/6/0/91600416/xv1qsj6q-400x400_2.jpg","/media/images/xv1qsj6q-400x400-2.jpg","uploads/9/1/6/0/91600416/xv1qsj6q-400x400_10.jpg; uploads/9/1/6/0/91600416/xv1qsj6q-400x400_11.jpg; uploads/9/1/6/0/91600416/xv1qsj6q-400x400_12.jpg; uploads/9/1/6/0/91600416/xv1qsj6q-400x400_13.jpg; uploads/9/1/6/0/91600416/xv1qsj6q-400x400_15.jpg"
"27FB169DCE0871A9E45ECB311A2F688FD29912E061C14CCA49C2F03097B0A3F1","2","257811","257811","image","uploads/9/1/6/0/91600416/fernandapalhano_3.jpg","/media/images/fernandapalhano-3.jpg","uploads/9/1/6/0/91600416/fernandapalhano_3.jpg; uploads/9/1/6/0/91600416/fernandapalhano_4.jpg"
"A5607832FD8060138C093A41423FE7AD0451A6454F6E9957C7BFEBB9E3B49A4A","3","124377","248754","pdf","uploads/9/1/6/0/91600416/bulletin03-bayneinterview.pdf","/library/pdfs/bulletin03-bayneinterview.pdf","uploads/9/1/6/0/91600416/bulletin03-bayneinterview.pdf; uploads/9/1/6/0/91600416/bulletin03-bayneinterview_1.pdf; uploads/9/1/6/0/91600416/bulletin03-bayneinterview_2.pdf"
"F0F37B4BA14CBDA9BC83D6E8F79B1AB5F0BD43AD1DBC3DF9F0B8550CA264EFBF","2","241941","241941","image","uploads/9/1/6/0/91600416/till_1.png",,"uploads/9/1/6/0/91600416/till_1.png; uploads/9/1/6/0/91600416/till_orig.png"
"C97F7D613FB6299472BE6A23E53817E114E2A39CEDDB9FD74FA01F4310BB298B","2","235269","235269","image","uploads/9/1/6/0/91600416/11d-asc_2.png","/media/images/11d-asc-2.png","uploads/9/1/6/0/91600416/11d-asc_1.png; uploads/9/1/6/0/91600416/11d-asc_2.png"
"7E0CEFEC6C7BC3531320689549B165CD96D3262553D2987B645D7D7FE2737D51","2","228294","228294","pdf","uploads/9/1/6/0/91600416/lurhmann_-_the_anthropology_of_mind.pdf","/library/pdfs/lurhmann-the-anthropology-of-mind.pdf","uploads/9/1/6/0/91600416/lurhmann_-_the_anthropology_of_mind.pdf; uploads/9/1/6/0/91600416/lurhmann_-_the_anthropology_of_mind_1.pdf"
"32B561430F21113155B0CDF64221E758A343C3A9363B55C477FCD92E37816823","2","207048","207048","pdf","uploads/9/1/6/0/91600416/ratcliffe_-_verbal_hallucinations_intentionality_and_interpersonal_experience.pdf","/library/pdfs/ratcliffe-verbal-hallucinations-intentionality-and-interpersonal-experience.pdf","uploads/9/1/6/0/91600416/ratcliffe_-_verbal_hallucinations_intentionality_and_interpersonal_experience.pdf; uploads/9/1/6/0/91600416/ratcliffe_-_verbal_hallucinations_intentionality_and_interpersonal_experience_1.pdf"
"0D6AEA3FAEE0B14786DBBCDE0B60DCF4CAF4E4DB352EA8ECB43E237270B45B42","3","100266","200532","image","uploads/9/1/6/0/91600416/pawel_4.png","/media/images/pawel-4.png","uploads/9/1/6/0/91600416/pawel_3.png; uploads/9/1/6/0/91600416/pawel_4.png; uploads/9/1/6/0/91600416/pawel_orig.png"
"3BC3CB6F8F3E1947C5F58D35BB2FCAC04CE536F92A4A762FC233C30C2EE2CD45","2","193944","193944","image","uploads/9/1/6/0/91600416/arrival-copy_orig.png","/media/images/arrival-copy-orig.png","uploads/9/1/6/0/91600416/arrival_orig.png; uploads/9/1/6/0/91600416/arrival-copy_orig.png"
"673F1D351D11D20D0C5F8E905711DF06CE0E4C9FFC57D8B899EF533CD4F3038B","2","184368","184368","pdf","uploads/9/1/6/0/91600416/alius_interview_with_robert_sapolsky__2022_.pdf","/library/pdfs/alius-interview-with-robert-sapolsky-2022.pdf","uploads/9/1/6/0/91600416/alius_interview_with_robert_sapolsky__2022_.pdf; uploads/9/1/6/0/91600416/alius_interview_with_robert_sapolsky__2022__1.pdf"
"24C5FE327EAF74472E49164C73B027A44B2D1301ED99BE22BE11C71377BB1559","2","183890","183890","pdf","uploads/9/1/6/0/91600416/mccarthy-jones_-_the_phenomenon_of_voice_hearing.pdf","/library/pdfs/mccarthy-jones-the-phenomenon-of-voice-hearing.pdf","uploads/9/1/6/0/91600416/mccarthy-jones_-_the_phenomenon_of_voice_hearing.pdf; uploads/9/1/6/0/91600416/mccarthy-jones_-_the_phenomenon_of_voice_hearing_1.pdf"
"07247D2C74825D86B8199DC98A499A811953690FB58B5931518921F6315C36E9","14","12808","166504","image","uploads/9/1/6/0/91600416/george_3.jpg","/media/images/george-3.jpg","uploads/9/1/6/0/91600416/george_1.jpg; uploads/9/1/6/0/91600416/george_10.jpg; uploads/9/1/6/0/91600416/george_11.jpg; uploads/9/1/6/0/91600416/george_12.jpg; uploads/9/1/6/0/91600416/george_13.jpg"
"1C72DC1D3CD0CD7BB5976D56E30B6FF40E254630DF1122D79B0145CFB9A4041B","2","165255","165255","image","uploads/9/1/6/0/91600416/alius3_1.png","/media/images/alius3-1.png","uploads/9/1/6/0/91600416/alius3_1.png; uploads/9/1/6/0/91600416/alius3_orig.png"
"4EE3F6000253FB985DD21D6493F5E5132963F57E28F9F9F4AB3673B2279FFBD5","5","41235","164940","image","uploads/9/1/6/0/91600416/aliusmaphighres_5.png","/media/images/aliusmaphighres-5.png","uploads/9/1/6/0/91600416/aliusmaphighres_11.png; uploads/9/1/6/0/91600416/aliusmaphighres_5.png; uploads/9/1/6/0/91600416/aliusmaphighres_6.png; uploads/9/1/6/0/91600416/aliusmaphighres_7.png; uploads/9/1/6/0/91600416/aliusmaphighres_orig.png"
"6EF6B891FB90F01FB86E327A1D9D318E850C4870E1E7C30AFF60AEB5A5166AFD","2","158027","158027","pdf","uploads/9/1/6/0/91600416/o_regan_-_on_the_feel_of_things.pdf","/library/pdfs/o-regan-on-the-feel-of-things.pdf","uploads/9/1/6/0/91600416/o_regan_-_on_the_feel_of_things.pdf; uploads/9/1/6/0/91600416/o_regan_-_on_the_feel_of_things_1.pdf"
"D51A36B42A7935597F65F2E247E2CAD7C7C584F707B8EFC4044FA4174B5BA924","2","154722","154722","image","uploads/9/1/6/0/91600416/alius2_4.png","/media/images/alius2-4.png","uploads/9/1/6/0/91600416/alius2_4.png; uploads/9/1/6/0/91600416/alius2_orig.png"
"DFC82A6BFE960A969881582B52F0388CC757764B52D3B9554646F2640B1A3005","2","153065","153065","image","uploads/9/1/6/0/91600416/front-cover_2.png","/media/images/front-cover-2.png","uploads/9/1/6/0/91600416/front-cover_1.png; uploads/9/1/6/0/91600416/front-cover_2.png"
"B7CD747FCDBB5498C6A15C445AC62670CB63975A558AAF0AB23034D536E01D23","2","152018","152018","image","uploads/9/1/6/0/91600416/img-7476-2-jpg_1.jpg",,"uploads/9/1/6/0/91600416/img-7476-2-jpg_1.jpg; uploads/9/1/6/0/91600416/img-7476-2-jpg_orig.jpg"
"B8DE10DF47929590DC3EDC402B57DECAA9A6F16B03EF8E6E861EB3BCA21860CF","2","150068","150068","pdf","uploads/9/1/6/0/91600416/hohwy_-_on_different_ways_of_being_conscious.pdf","/library/pdfs/hohwy-on-different-ways-of-being-conscious.pdf","uploads/9/1/6/0/91600416/hohwy_-_on_different_ways_of_being_conscious.pdf; uploads/9/1/6/0/91600416/hohwy_-_on_different_ways_of_being_conscious_1.pdf"
"92ABF5F5E3CB518EA3DDD5DAC5CAF40B28080F3D7CE39DF12B802351D50839D2","3","74413","148826","image","uploads/9/1/6/0/91600416/qri_5.png","/media/images/qri-5.png","uploads/9/1/6/0/91600416/qri_1.png; uploads/9/1/6/0/91600416/qri_3.png; uploads/9/1/6/0/91600416/qri_5.png"
"8EBD7A999A9C9E4B788A767AC39F4A344D4E4E4842771D032A0B85896B5230B2","2","145677","145677","pdf","uploads/9/1/6/0/91600416/seligman_-_towards_a_biocultural_approach_of_dissociative_consciousness.pdf","/library/pdfs/seligman-towards-a-biocultural-approach-of-dissociative-consciousness.pdf","uploads/9/1/6/0/91600416/seligman_-_towards_a_biocultural_approach_of_dissociative_consciousness.pdf; uploads/9/1/6/0/91600416/seligman_-_towards_a_biocultural_approach_of_dissociative_consciousness_1.pdf"
"1F189A6D22D0DB2E156F1211985CD19BCAADF43656065FA56B1BDE14180984D9","2","142911","142911","image","uploads/9/1/6/0/91600416/header2_orig.jpg","/media/images/header2-orig.jpg","uploads/9/1/6/0/91600416/header2_1.jpg; uploads/9/1/6/0/91600416/header2_orig.jpg"
"ECA10DFE2F9C8033B868A854D594F602CC8714B3BF1C61E2D606C4D2EE877088","2","129691","129691","pdf","uploads/9/1/6/0/91600416/aaa_2019_panel_abstract_canna_seligman._somatic_cultures.pdf","/library/pdfs/aaa-2019-panel-abstract-canna-seligman-somatic-cultures.pdf","uploads/9/1/6/0/91600416/aaa_2019_panel_abstract_canna_seligman._somatic_cultures.pdf; uploads/9/1/6/0/91600416/aaa_2019_panel_abstract_canna_seligman._somatic_cultures_1.pdf"
"284B1C5D6C56DBB63966AE860297432D2A8688D5DAD81E9418FAF6964697763D","12","11560","127160","image","uploads/9/1/6/0/91600416/rebeccaseligman-168_1.jpg","/media/images/rebeccaseligman-168-1.jpg","uploads/9/1/6/0/91600416/rebeccaseligman-168_1.jpg; uploads/9/1/6/0/91600416/rebeccaseligman-168_10.jpg; uploads/9/1/6/0/91600416/rebeccaseligman-168_11.jpg; uploads/9/1/6/0/91600416/rebeccaseligman-168_12.jpg; uploads/9/1/6/0/91600416/rebeccaseligman-168_13.jpg"
"947D5212BBD17A228044991EC332785A583B35CE8731DA8749BEBB47C5CD738F","4","41071","123213","image","uploads/9/1/6/0/91600416/l-glutamate-structural-formulae_1.png","/media/images/l-glutamate-structural-formulae-1.png","uploads/9/1/6/0/91600416/l-glutamate-structural-formulae_1.png; uploads/9/1/6/0/91600416/l-glutamate-structural-formulae_2.png; uploads/9/1/6/0/91600416/l-glutamate-structural-formulae_5.png; uploads/9/1/6/0/91600416/l-glutamate-structural-formulae_6.png"
"D68D78CD98DF036CAE0CDEDBD56E3EF005DFB8EAD70A3DC53D5A30750DB7D864","13","9977","119724","image","uploads/9/1/6/0/91600416/mike_6.jpg","/media/images/mike-6.jpg","uploads/9/1/6/0/91600416/mike_10.jpg; uploads/9/1/6/0/91600416/mike_11.jpg; uploads/9/1/6/0/91600416/mike_12.jpg; uploads/9/1/6/0/91600416/mike_14.jpg; uploads/9/1/6/0/91600416/mike_15.jpg"
"CAD9FAA6DE1E0170C920FE4AB4857FB9C0CF2284171D6C207C2BC3DB34FAA395","2","114502","114502","image","uploads/9/1/6/0/91600416/timo_2.png","/media/images/timo-2.png","uploads/9/1/6/0/91600416/timo_2.png; uploads/9/1/6/0/91600416/timo_3.png"
"3BB166E07BAB31C5851CE2B2BD4C96F5B577A9324AB246291F14E67547484FDC","12","10405","114455","image","uploads/9/1/6/0/91600416/1516895618013-2_2.jpeg","/media/images/1516895618013-2-2.jpeg","uploads/9/1/6/0/91600416/1516895618013-2_10.jpeg; uploads/9/1/6/0/91600416/1516895618013-2_11.jpeg; uploads/9/1/6/0/91600416/1516895618013-2_12.jpeg; uploads/9/1/6/0/91600416/1516895618013-2_14.jpeg; uploads/9/1/6/0/91600416/1516895618013-2_16.jpeg"
"26E4429151A4DB5A33BC754CCB6A3E9F19429DB3BEE75B81CB16C374D13C8F9D","2","107580","107580","image","uploads/9/1/6/0/91600416/coveralius-6_orig.png",,"uploads/9/1/6/0/91600416/coveralius-6_orig.png; uploads/9/1/6/0/91600416/coveraliusn6_orig.png"
"AAD0BFFFCBC000CE37CD1503F24AD858E03739A66865593F8B0D1ABDB1DF09AA","3","51294","102588","image","uploads/9/1/6/0/91600416/juan-gonzalez-png_8.jpg","/media/images/juan-gonzalez-png-8.jpg","uploads/9/1/6/0/91600416/juan-gonzalez-png_6.jpg; uploads/9/1/6/0/91600416/juan-gonzalez-png_8.jpg; uploads/9/1/6/0/91600416/juan-gonzalez-png_9.jpg"
"7C9C1063102BB7287CD9BCFA9CF44BF57F8FCBC8533828E09FDC4DAF2FB25F6B","6","20300","101500","image","uploads/9/1/6/0/91600416/13901414-548004405402938-2065548624124371185-n_1.jpg","/media/images/13901414-548004405402938-2065548624124371185-n-1.jpg","uploads/9/1/6/0/91600416/13901414-548004405402938-2065548624124371185-n_1.jpg; uploads/9/1/6/0/91600416/13901414-548004405402938-2065548624124371185-n_1_orig.jpg; uploads/9/1/6/0/91600416/13901414-548004405402938-2065548624124371185-n_2.jpg; uploads/9/1/6/0/91600416/13901414-548004405402938-2065548624124371185-n_2_orig.jpg; uploads/9/1/6/0/91600416/13901414-548004405402938-2065548624124371185-n_3.jpg"
"3F375F4B792446FD0742D987E0A5552A2A40C2011273F939D1655A345ACB2E41","3","50301","100602","image","uploads/9/1/6/0/91600416/header1_1.jpg","/media/images/header1-1.jpg","uploads/9/1/6/0/91600416/header_orig.jpg; uploads/9/1/6/0/91600416/header1_1.jpg; uploads/9/1/6/0/91600416/header1_orig.jpg"
"A93169DB97AC0B034C3DB56F8CD8907A5063815D8AEB1292B1B0B710C8442C9E","2","97556","97556","image","uploads/9/1/6/0/91600416/coverbulletin5_orig.jpg","/media/images/coverbulletin5-orig.jpg","uploads/9/1/6/0/91600416/coverbulletin5_1.jpg; uploads/9/1/6/0/91600416/coverbulletin5_orig.jpg"
"2A3184383CC46716EB827D5386C590F99F2C14A1E63EAF1B5A5AE0BD9B67AD79","10","9692","87228","image","uploads/9/1/6/0/91600416/bucci-7_1.jpg","/media/images/bucci-7-1.jpg","uploads/9/1/6/0/91600416/bucci-7_1.jpg; uploads/9/1/6/0/91600416/bucci-7_11.jpg; uploads/9/1/6/0/91600416/bucci-7_13.jpg; uploads/9/1/6/0/91600416/bucci-7_2.jpg; uploads/9/1/6/0/91600416/bucci-7_3.jpg"
"ACD3DCD5FBC106AB9311F4FDBB0C8829AF4E67B7C7BB9DA1FBF25882170BF374","4","28792","86376","image","uploads/9/1/6/0/91600416/bunny-running-sticker-by-rabbits-world_2.gif","/media/images/bunny-running-sticker-by-rabbits-world-2.gif","uploads/9/1/6/0/91600416/bunny-running-sticker-by-rabbits-world_2.gif; uploads/9/1/6/0/91600416/bunny-running-sticker-by-rabbits-world_3.gif; uploads/9/1/6/0/91600416/bunny-running-sticker-by-rabbits-world_6.gif; uploads/9/1/6/0/91600416/bunny-running-sticker-by-rabbits-world_7.gif"
"C52055832F2B45A091145B8EC71604951B61115A5D602D9F7DB218BA30633B09","2","85650","85650","image","uploads/9/1/6/0/91600416/dall-e-2024-12-04-19-04-02-a-minimalist-2d-pencil-sketch-pictogram-representing-distraction-and-uncertainty-in-focus-the-image-features-a-human-silhouette-with-multiple-overlap_1.webp",,"uploads/9/1/6/0/91600416/dall-e-2024-12-04-19-04-02-a-minimalist-2d-pencil-sketch-pictogram-representing-distraction-and-uncertainty-in-focus-the-image-features-a-human-silhouette-with-multiple-overlap_1.webp; uploads/9/1/6/0/91600416/dall-e-2024-12-04-19-04-02-a-minimalist-2d-pencil-sketch-pictogram-representing-distraction-and-uncertainty-in-focus-the-image-features-a-human-silhouette-with-multiple-overlap_orig.webp"
"ABC824C1D05A0F91872015DB25F2629F0051B28CCE4CB8D45D377AC4F690F0A8","2","83109","83109","image","uploads/9/1/6/0/91600416/mpikonstanz_1.png","/media/images/mpikonstanz-1.png","uploads/9/1/6/0/91600416/mpikonstanz_1.png; uploads/9/1/6/0/91600416/mpikonstanz_orig.png"
"5B0D945B7C6DC00A139A65B897BE4A52695036D828DAE4C89E73F38BF75024DA","2","70802","70802","image","uploads/9/1/6/0/91600416/consciousnessmodulators_orig.jpg",,"uploads/9/1/6/0/91600416/consciousnessmodulators_orig.jpg; uploads/9/1/6/0/91600416/consciousnessmodulators3_orig.jpg"
"F3DDEE822470A3D704156D920543FF0278C28DAEA40E72D6E6055158541E6B8D","6","13593","67965","image","uploads/9/1/6/0/91600416/fernandapalhano-1.jpg","/media/images/fernandapalhano-1.jpg","uploads/9/1/6/0/91600416/fernandapalhano-1.jpg; uploads/9/1/6/0/91600416/fernandapalhano-1_1.jpg; uploads/9/1/6/0/91600416/fernandapalhano-1_1_orig.jpg; uploads/9/1/6/0/91600416/fernandapalhano-1_2.jpg; uploads/9/1/6/0/91600416/fernandapalhano-1_2_orig.jpg"
"9C2C4B812A760EB60405DD9A411838EB67AF4472C2AF1453AF1C47C81CCE2F3A","2","67521","67521","image","uploads/9/1/6/0/91600416/93323004-705489493528867-2621767016662433792-n.jpg",,"uploads/9/1/6/0/91600416/93323004-705489493528867-2621767016662433792-n.jpg; uploads/9/1/6/0/91600416/93323004-705489493528867-2621767016662433792-n_orig.jpg"
"147B0A445F8EEC8B00AAA83A35BADAF685483EF7876296DC4C9142CB7062D876","8","9547","66829","image","uploads/9/1/6/0/91600416/pcid-1273213.jpeg","/media/images/pcid-1273213.jpeg","uploads/9/1/6/0/91600416/pcid-1273213.jpeg; uploads/9/1/6/0/91600416/pcid-1273213-1_1.jpeg; uploads/9/1/6/0/91600416/pcid-1273213-1_2.jpeg; uploads/9/1/6/0/91600416/pcid-1273213-1_3.jpeg; uploads/9/1/6/0/91600416/pcid-1273213-1_6.jpeg"
"7156246E0539B0258E4337806A5703522DC74D994169CC96514C07960A1A99E5","2","66502","66502","image","uploads/9/1/6/0/91600416/dall-e-2024-05-29-19-59-44-a-minimalistic-black-and-white-pencil-sketch-in-the-style-of-gerard-van-gutschoven-featuring-thin-lines-for-shading-and-contours-the-sketch-shows-a_orig.webp","/media/images/dall-e-2024-05-29-19-59-44-a-minimalistic-black-and-white-pencil-sketch-in-the-style-of-gerard-van-gutschoven-featuring-thin-lines-for-shading-and-contours-the-sketch-shows-a-orig.webp","uploads/9/1/6/0/91600416/dall-e-2024-05-29-19-59-44-a-minimalistic-black-and-white-pencil-sketch-in-the-style-of-gerard-van-gutschoven-featuring-thin-lines-for-shading-and-contours-the-sketch-shows-a_1.webp; uploads/9/1/6/0/91600416/dall-e-2024-05-29-19-59-44-a-minimalistic-black-and-white-pencil-sketch-in-the-style-of-gerard-van-gutschoven-featuring-thin-lines-for-shading-and-contours-the-sketch-shows-a_orig.webp"
"32FA2832A8A86DCD2E38FA35CA7281636AA9828EA6C9A72966470E35C96F59E4","2","52705","52705","image","uploads/9/1/6/0/91600416/spyridakis_2.png","/media/images/spyridakis-2.png","uploads/9/1/6/0/91600416/spyridakis_1.png; uploads/9/1/6/0/91600416/spyridakis_2.png"
"E0CCF9EBFDEACF615565483CACD283B9610947EDF7C3C7FECBD0D54773DD732C","2","52328","52328","image","uploads/9/1/6/0/91600416/image2-alpowypgzvtke2n9-james-sanders-circle_orig.png","/media/images/image2-alpowypgzvtke2n9-james-sanders-circle-orig.png","uploads/9/1/6/0/91600416/image2-alpowypgzvtke2n9-james-sanders-circle_1.png; uploads/9/1/6/0/91600416/image2-alpowypgzvtke2n9-james-sanders-circle_orig.png"
"7DA359F342A010EAEE66831D03A4B178AD82D3DA66177416815AD2BFB1B7D09C","2","51465","51465","image","uploads/9/1/6/0/91600416/physiopheno3_orig.png","/media/images/physiopheno3-orig.png","uploads/9/1/6/0/91600416/physiopheno2_orig.png; uploads/9/1/6/0/91600416/physiopheno3_orig.png"
"6B0B91D6B1C220B851BBCE4FCF4C390D03CC0955099A578E2BAD5F3BAA5B27EB","2","47975","47975","image","uploads/9/1/6/0/91600416/berlingreen_orig.jpg","/media/images/berlingreen-orig.jpg","uploads/9/1/6/0/91600416/background-images/background-images/temp/91600416.jpg; uploads/9/1/6/0/91600416/berlingreen_orig.jpg"
"B4AFED2484943EF567E04C224C7ABB3BE1DA4B287F59D1039A89C8C7B3F76FC2","3","19804","39608","image","uploads/9/1/6/0/91600416/jeroen_3.png","/media/images/jeroen-3.png","uploads/9/1/6/0/91600416/jeroen_1.png; uploads/9/1/6/0/91600416/jeroen_2.png; uploads/9/1/6/0/91600416/jeroen_3.png"
"E9499ED0CEB895CFBC8B3B39C03287088C19A9EC9452CB6B29EFC0741A254A07","2","36560","36560","image","uploads/9/1/6/0/91600416/msmrprsm_1.png","/media/images/msmrprsm-1.png","uploads/9/1/6/0/91600416/msmrprsm_1.png; uploads/9/1/6/0/91600416/msmrprsm_orig.png"
"42B32185785C3230C229CAB5B0A64152384848BD9BF9A326B30CCF1C0200265A","4","11134","33402","image","uploads/9/1/6/0/91600416/1718307750364_3.jpg","/media/images/1718307750364-3.jpg","uploads/9/1/6/0/91600416/1718307750364_1.jpg; uploads/9/1/6/0/91600416/1718307750364_3.jpg; uploads/9/1/6/0/91600416/1718307750364_4.jpg; uploads/9/1/6/0/91600416/1718307750364_orig.jpg"
"2284AE8941B9F7EC29631998ABC318E7F33AE399C5E4D0DDE984666290F4B188","8","4628","32396","image","uploads/9/1/6/0/91600416/sacchet_1.jpg","/media/images/sacchet-1.jpg","uploads/9/1/6/0/91600416/sacchet_1.jpg; uploads/9/1/6/0/91600416/sacchet_10.jpg; uploads/9/1/6/0/91600416/sacchet_3.jpg; uploads/9/1/6/0/91600416/sacchet_4.jpg; uploads/9/1/6/0/91600416/sacchet_5.jpg"
"9B9F1C49BAB2949A5BE2D2F1A8320E170BF2E3EF7F11D2580F8934FEA390EE49","4","9225","27675","image","uploads/9/1/6/0/91600416/csm-tzvetan-050560ecaf_4.jpg","/media/images/csm-tzvetan-050560ecaf-4.jpg","uploads/9/1/6/0/91600416/csm-tzvetan-050560ecaf_2.jpg; uploads/9/1/6/0/91600416/csm-tzvetan-050560ecaf_4.jpg; uploads/9/1/6/0/91600416/csm-tzvetan-050560ecaf_5.jpg; uploads/9/1/6/0/91600416/csm-tzvetan-050560ecaf_orig.jpg"
"4335D5E33D3DFB1DC017BD5B5B5E26C4CF68D0C6EAF24BE7F72932B0D6266D65","2","14363","14363","image","uploads/9/1/6/0/91600416/background-images/background-images/thumbs/794863692.jpg",,"uploads/9/1/6/0/91600416/background-images/background-images/thumbs/794863692.jpg; uploads/9/1/6/0/91600416/background-images/background-images/thumbs/876716117.jpg"
"0BE5EC0A47DBDD32FB4A552EAAE7CC234BAC36DBC887F66BC37A335982780F5A","3","7129","14258","image","uploads/9/1/6/0/91600416/eirini-ketzitzidou-argyri-1_2.jpeg","/media/images/eirini-ketzitzidou-argyri-1-2.jpeg","uploads/9/1/6/0/91600416/eirini-ketzitzidou-argyri-1_2.jpeg; uploads/9/1/6/0/91600416/eirini-ketzitzidou-argyri-1_3.jpeg; uploads/9/1/6/0/91600416/eirini-ketzitzidou-argyri-1_orig.jpeg"
"9C527EE58A1F3C23F73ED1303E19A0A853A1B57C2AA6D615D37C67730A4BC856","3","6935","13870","image","uploads/9/1/6/0/91600416/dr-aviva-berkovich-ohana2-300x300_1.jpg",,"uploads/9/1/6/0/91600416/dr-aviva-berkovich-ohana2-300x300_1.jpg; uploads/9/1/6/0/91600416/dr-aviva-berkovich-ohana2-300x300_2.jpg; uploads/9/1/6/0/91600416/dr-aviva-berkovich-ohana2-300x300_orig.jpg"
"6C3C2456F752CB0156B5A5CEA07193EAB6C5BA1D2A88FD6ECE8526EB71048384","3","6425","12850","image","uploads/9/1/6/0/91600416/293757246-10217187236033323-3017171785644245039-n-orig_3.jpg",,"uploads/9/1/6/0/91600416/293757246-10217187236033323-3017171785644245039-n-orig_3.jpg; uploads/9/1/6/0/91600416/293757246-10217187236033323-3017171785644245039-n-orig_4.jpg; uploads/9/1/6/0/91600416/293757246-10217187236033323-3017171785644245039-n-orig_orig.jpg"
"51E362F679D8CCF94AF05DEEECDB49A8F0BB533B95B5C92672367B316A21AFC5","2","11423","11423","image","uploads/9/1/6/0/91600416/picture6_1.png","/media/images/picture6-1.png","uploads/9/1/6/0/91600416/picture6_1.png; uploads/9/1/6/0/91600416/picture6_orig.png"
"55CFAFFE0B567962439E85DEF71224D44B7CF3E852C27CC0C53EF7C52D3A8696","2","9710","9710","image","uploads/9/1/6/0/91600416/jean-re-my-martin_6.jpg",,"uploads/9/1/6/0/91600416/jean-re-my-martin_6.jpg; uploads/9/1/6/0/91600416/jean-re-my-martin-orig_orig.jpg"
"B86D4474634961B8467D8D7F9AEFA75874932ED18F93B0407460AC357212BA0B","2","9395","9395","image","uploads/9/1/6/0/91600416/picture4_1.png","/media/images/picture4-1.png","uploads/9/1/6/0/91600416/picture4_1.png; uploads/9/1/6/0/91600416/picture4_orig.png"
"22FC9A85F1FD73123E9928EBC58485E2E764817B012000F152BE6668731A8F05","2","8875","8875","image","uploads/9/1/6/0/91600416/background-images/background-images/thumbs/585661361.jpg",,"uploads/9/1/6/0/91600416/background-images/background-images/thumbs/585661361.jpg; uploads/9/1/6/0/91600416/background-images/background-images/thumbs/627767262.jpg"
"486A985319CF4AD80E71E7A70635E6EC3DFCE24ACA7D1874B7EA5D578DAD23CB","2","7526","7526","image","uploads/9/1/6/0/91600416/buchborn-tobias_1.jpg",,"uploads/9/1/6/0/91600416/buchborn-tobias_1.jpg; uploads/9/1/6/0/91600416/buchborn-tobias_orig.jpg"
"620D9BB837F422312FD9038513125F81A28BF6E66DCCC239E7DEE4F9B5203C4D","2","7330","7330","image","uploads/9/1/6/0/91600416/background-images/background-images/thumbs/158671041.jpg",,"uploads/9/1/6/0/91600416/background-images/background-images/thumbs/1230021629.jpg; uploads/9/1/6/0/91600416/background-images/background-images/thumbs/158671041.jpg"
"704EA3D43AA01C339B374A5505B04D94436AB1EC5DE774B5A8E54CA379CEDC92","3","3453","6906","image","uploads/9/1/6/0/91600416/buchborn-tobias-1_2.jpg","/media/images/buchborn-tobias-1-2.jpg","uploads/9/1/6/0/91600416/buchborn-tobias-1_2.jpg; uploads/9/1/6/0/91600416/buchborn-tobias-1_3.jpg; uploads/9/1/6/0/91600416/buchborn-tobias-1_orig.jpg"
"EA74BA2423AD0C76A9A31B764B7E5D6C19B4471A147DABC0868D69E789326ACD","2","5467","5467","image","uploads/9/1/6/0/91600416/picture5_1.png","/media/images/picture5-1.png","uploads/9/1/6/0/91600416/picture5_1.png; uploads/9/1/6/0/91600416/picture5_orig.png"
"C652268BCE1FD25720E5C0887EC9C4E1D25D845D1B05E961ABFBB92CFF4D11EA","2","2351","2351","image","uploads/9/1/6/0/91600416/unknown.jpg",,"uploads/9/1/6/0/91600416/unknown.jpg; uploads/9/1/6/0/91600416/unknown_orig.jpg"
