"legacy_path","canonical_path","live_status","local_exists","title_match","body_class_match","visual_structure_match","desktop_nav_match","mobile_nav_match","desktop_menu_text_match","mobile_menu_text_match","live_visual_hash","local_visual_hash","live_desktop_nav_hash","local_desktop_nav_hash","live_mobile_nav_hash","local_mobile_nav_hash","live_menu_signature","local_menu_signature","note"
"1.html","/archive/misc/1/","200","True","True","True","False","False","False","True","True","9E839CBA63570F8307045F8D31BA19D3B1C87C8A22C43C49ECEB531FA5E4E1D3","B3EED41FDC455E9BFEF9F3E8FE3CB2434DBF855CEAD10527DEB82F02678B3877","719A7C8BB1A92F8C80C9B368FAEB1B55B7BFD68F81789C2F81D878E082CA2CA0","5D962A7AD3252ECD66E3120BED063AB3317545A6A3FE6070FB081DAE5D5ADB8C","719A7C8BB1A92F8C80C9B368FAEB1B55B7BFD68F81789C2F81D878E082CA2CA0","5D962A7AD3252ECD66E3120BED063AB3317545A6A3FE6070FB081DAE5D5ADB8C","Home | About | Team | Bulletin | Journal Clubs | Events | Membership","Home | About | Team | Bulletin | Journal Clubs | Events | Membership",""
"2.html","/archive/misc/2/","200","True","True","True","False","False","False","True","True","DBEA65AD9878B03FE1F472A95D84B719D0D4C33E6EA75E02F0B7FD2C3A422EA8","655582D2056C1A0C8054CFF8818637E8D8B217BABAE38E476FBBF3BD0CFA01D0","719A7C8BB1A92F8C80C9B368FAEB1B55B7BFD68F81789C2F81D878E082CA2CA0","5D962A7AD3252ECD66E3120BED063AB3317545A6A3FE6070FB081DAE5D5ADB8C","719A7C8BB1A92F8C80C9B368FAEB1B55B7BFD68F81789C2F81D878E082CA2CA0","5D962A7AD3252ECD66E3120BED063AB3317545A6A3FE6070FB081DAE5D5ADB8C","Home | About | Team | Bulletin | Journal Clubs | Events | Membership","Home | About | Team | Bulletin | Journal Clubs | Events | Membership",""
"7.html","/archive/misc/7/","200","True","True","True","False","False","False","True","True","061C87AE6941FA47E27C1125BC52D50A68E69E410E499AE6CAFC181EAAF4D67A","9F38EE058798D86958D048CD8E082473565080F4E9517150F4F13510AE8292FF","719A7C8BB1A92F8C80C9B368FAEB1B55B7BFD68F81789C2F81D878E082CA2CA0","5D962A7AD3252ECD66E3120BED063AB3317545A6A3FE6070FB081DAE5D5ADB8C","719A7C8BB1A92F8C80C9B368FAEB1B55B7BFD68F81789C2F81D878E082CA2CA0","5D962A7AD3252ECD66E3120BED063AB3317545A6A3FE6070FB081DAE5D5ADB8C","Home | About | Team | Bulletin | Journal Clubs | Events | Membership","Home | About | Team | Bulletin | Journal Clubs | Events | Membership",""
"8.html","/archive/misc/8/","200","True","True","True","False","False","False","True","True","DA3C958F2E84F950FB74EDAECB8419B2CBCB0540B55382350F2067858468E104","0A3C135D9BDFF52D8F39DCA5E3DAC3FFB807687A5CA462E7301D0F364025EF9A","719A7C8BB1A92F8C80C9B368FAEB1B55B7BFD68F81789C2F81D878E082CA2CA0","5D962A7AD3252ECD66E3120BED063AB3317545A6A3FE6070FB081DAE5D5ADB8C","719A7C8BB1A92F8C80C9B368FAEB1B55B7BFD68F81789C2F81D878E082CA2CA0","5D962A7AD3252ECD66E3120BED063AB3317545A6A3FE6070FB081DAE5D5ADB8C","Home | About | Team | Bulletin | Journal Clubs | Events | Membership","Home | About | Team | Bulletin | Journal Clubs | Events | Membership",""
"about.html","/about/","200","True","True","True","False","True","False","True","True","9F044D0719671D92B21F6956D49BF93A7C3AC7D1AAF38952051BE640261EFE9D","5E334338E6B3010498D37A2954D8B3D47932569494A4F74A556D42C82CDBB753","E3B0C44298FC1C149AFBF4C8996FB92427AE41E4649B934CA495991B7852B855","E3B0C44298FC1C149AFBF4C8996FB92427AE41E4649B934CA495991B7852B855","A370B1DA36F2FF3518A2FCE176DFFF88DBFE6774410737EFBD06DC8131CF6BD3","8F4175C29DAF6F0F6C555027645531E011270226C842AB190E2BAE99D8063C56","","","banner-wrap missing"
"active-roles.html","/pages/active-roles/","200","True","True","True","False","True","False","True","True","064DBC608FCC86910A177EB7214CC69F047723B71DF6F712B74E6B78EDCFAC21","46722EF2DAB3019CE020D0E191EC21711A26CCE3283463245CD03432B83C682B","E3B0C44298FC1C149AFBF4C8996FB92427AE41E4649B934CA495991B7852B855","E3B0C44298FC1C149AFBF4C8996FB92427AE41E4649B934CA495991B7852B855","ECB9526E9FD21907BFA817EDFB24A4633F9EC5968FE7A731C19748FECBB3E2B1","991F406EF4FADD7D0C8577726C7EFEADF0A4BB044C231719057D1A3A41AADCCE","","","banner-wrap missing"
"alpha-waves.html","/pages/alpha-waves/","200","True","True","True","False","True","False","True","True","195FA7B4A864F9116A4A85F11163B7C8A3253B1419595BDAD98842DC233C91E3","BCC591F00F04D088ABD66DFB1EDF3AEEFCC43D903BBE197E6C77BC4BD4BCCB5E","E3B0C44298FC1C149AFBF4C8996FB92427AE41E4649B934CA495991B7852B855","E3B0C44298FC1C149AFBF4C8996FB92427AE41E4649B934CA495991B7852B855","719A7C8BB1A92F8C80C9B368FAEB1B55B7BFD68F81789C2F81D878E082CA2CA0","5D962A7AD3252ECD66E3120BED063AB3317545A6A3FE6070FB081DAE5D5ADB8C","","","banner-wrap missing"
"anima.html","/research/projects/anima/","200","True","True","True","False","True","False","True","True","C8F5A996B3B9E5FCD24B97CAE7EE6D82C38A3E466CA9637EC05C34688A9F8F62","29D15FAE4E20C0A4BD0D9BFEB19E046474ED5ADD9AB9E555276593847DF0A5DF","E3B0C44298FC1C149AFBF4C8996FB92427AE41E4649B934CA495991B7852B855","E3B0C44298FC1C149AFBF4C8996FB92427AE41E4649B934CA495991B7852B855","719A7C8BB1A92F8C80C9B368FAEB1B55B7BFD68F81789C2F81D878E082CA2CA0","5D962A7AD3252ECD66E3120BED063AB3317545A6A3FE6070FB081DAE5D5ADB8C","","","banner-wrap missing"
"application-late.html","/events/application-late/","200","True","True","True","False","True","False","True","True","C0C85CE00C745E459139639963EA5C54BD13B0D88041B64B01DA23471E693C7C","31D33754BC40C6E143360FCAC3FFF2D6D96468693AB73647A3D3448A5A0ECE1D","E3B0C44298FC1C149AFBF4C8996FB92427AE41E4649B934CA495991B7852B855","E3B0C44298FC1C149AFBF4C8996FB92427AE41E4649B934CA495991B7852B855","719A7C8BB1A92F8C80C9B368FAEB1B55B7BFD68F81789C2F81D878E082CA2CA0","5D962A7AD3252ECD66E3120BED063AB3317545A6A3FE6070FB081DAE5D5ADB8C","","","banner-wrap missing"
"attendees.html","/events/attendees/","200","True","True","True","False","True","False","True","True","3CC24291CD98B73E9C3E66F3C815994C11BCA5C0D82152D3E04E5FB67293A1C6","0B2E8C1FECAD452B2F2DDE98382106C433522FC00369FC78667F38924D3960A3","E3B0C44298FC1C149AFBF4C8996FB92427AE41E4649B934CA495991B7852B855","E3B0C44298FC1C149AFBF4C8996FB92427AE41E4649B934CA495991B7852B855","88718E96A8439A1D8310EFEB4EDADBE82DDAD575DCB06803A20B25571CFFE58F","479B372917D78DCB49A8E78CC131A7C9CF11A52619B047A01E6A26243404855F","","","banner-wrap missing"
"become-a-member.html","/community/become-a-member/","200","True","True","True","False","True","False","True","True","E3778D4DA7790049C6D5B6E6BA75C662D69C81A6FF8B29EE1324BD4F8B53751D","846C7425977CFCB5F27E1E00B4C7E44C9B23A5832BBE2032498937F6EA635C3F","E3B0C44298FC1C149AFBF4C8996FB92427AE41E4649B934CA495991B7852B855","E3B0C44298FC1C149AFBF4C8996FB92427AE41E4649B934CA495991B7852B855","719A7C8BB1A92F8C80C9B368FAEB1B55B7BFD68F81789C2F81D878E082CA2CA0","5D962A7AD3252ECD66E3120BED063AB3317545A6A3FE6070FB081DAE5D5ADB8C","","","banner-wrap missing"
"bicycle-day-workshop.html","/events/bicycle-day-workshop/","200","True","True","True","False","True","False","True","True","5B84C29E0CEB4A30C95974A34D11583B147C7CC88C313B7CA0B39932D356D83D","25502365BE34930550B5C863ED9F8488C86E1E07785564241FE69A4D72D69EA2","E3B0C44298FC1C149AFBF4C8996FB92427AE41E4649B934CA495991B7852B855","E3B0C44298FC1C149AFBF4C8996FB92427AE41E4649B934CA495991B7852B855","719A7C8BB1A92F8C80C9B368FAEB1B55B7BFD68F81789C2F81D878E082CA2CA0","5D962A7AD3252ECD66E3120BED063AB3317545A6A3FE6070FB081DAE5D5ADB8C","","","banner-wrap missing"
"blog.html","/pages/blog/","200","True","True","True","False","True","False","True","True","E0E4B861F12F1C34EB80A6B5DD3CAA4C0CA1CDD2860BE0882FBE70FF00B82ED0","FB0CE3B67AE6DAB2A55A14E2A236AF97F39188B7B985868B2273DF4ADBCE2314","E3B0C44298FC1C149AFBF4C8996FB92427AE41E4649B934CA495991B7852B855","E3B0C44298FC1C149AFBF4C8996FB92427AE41E4649B934CA495991B7852B855","719A7C8BB1A92F8C80C9B368FAEB1B55B7BFD68F81789C2F81D878E082CA2CA0","5D962A7AD3252ECD66E3120BED063AB3317545A6A3FE6070FB081DAE5D5ADB8C","","","banner-wrap missing"
"blog-v1.html","/pages/blog-v1/","200","True","True","True","False","True","False","True","True","C5AB58C0C62FE448100C920341EB28AB3EF74006E691BCF5E9DE4B6A2415D751","47095F060605AE92D65C115332C0A6348177F9AF15AA9716260DE0FDF91D808C","E3B0C44298FC1C149AFBF4C8996FB92427AE41E4649B934CA495991B7852B855","E3B0C44298FC1C149AFBF4C8996FB92427AE41E4649B934CA495991B7852B855","719A7C8BB1A92F8C80C9B368FAEB1B55B7BFD68F81789C2F81D878E082CA2CA0","5D962A7AD3252ECD66E3120BED063AB3317545A6A3FE6070FB081DAE5D5ADB8C","","","banner-wrap missing"
"bulletin.html","/bulletin/","200","True","True","True","False","True","False","True","True","C027045089B948E2E482D0763C69A46B1207078E3A59937B19E7ED5C5F4E9FD5","7CC6653FFC47404C9680865F2BD4331C8F7D03C38AB0FA7CAB6C9E64C60F96C7","E3B0C44298FC1C149AFBF4C8996FB92427AE41E4649B934CA495991B7852B855","E3B0C44298FC1C149AFBF4C8996FB92427AE41E4649B934CA495991B7852B855","4BAFBAF1FA4458648A5208CDD842CBA51B4E87FEDB73CE357DB4194E9440B572","6835CE52E2A376FDCDFA01C727EB767009090D2660AD50119A9DF8B7AB3C5558","","","banner-wrap missing"
"bulletin01.html","/bulletin/issues/bulletin-01/","200","True","True","True","False","True","False","True","True","C84608ED66E6E2E6C2B35CD4E3AA891AC67F14C3D390F6794AD214E42CA5CBFC","B0411EEEADE0611903047B3882BD2CD1B9BB057FEA67F7E40C94A041ADDEC5AC","E3B0C44298FC1C149AFBF4C8996FB92427AE41E4649B934CA495991B7852B855","E3B0C44298FC1C149AFBF4C8996FB92427AE41E4649B934CA495991B7852B855","8FEB3F8CE05BE0E4C5F7F7F1A09B0A2F5CAC78C270F52B9646C66E72E760CE7A","F68BACF5D6D311AB5E9B29D9EA85C83CB4003C683788854B5EDA6A80C7C8CBC0","","","banner-wrap missing"
"bulletin01-carhartharrisinterview.html","/bulletin/interviews/bulletin01-carhartharrisinterview/","200","True","True","True","False","True","False","True","True","C2B2AE6D5D2C28D43CAF0B93035EDEA9A0F001D828CE9E0350DA0ED3D86E7D5A","7B93019CCC256AE71D9441B26FF279A4D5661CFA504515E76600246A99C0B6D4","E3B0C44298FC1C149AFBF4C8996FB92427AE41E4649B934CA495991B7852B855","E3B0C44298FC1C149AFBF4C8996FB92427AE41E4649B934CA495991B7852B855","719A7C8BB1A92F8C80C9B368FAEB1B55B7BFD68F81789C2F81D878E082CA2CA0","5D962A7AD3252ECD66E3120BED063AB3317545A6A3FE6070FB081DAE5D5ADB8C","","","banner-wrap missing"
"bulletin01-hohwyinterview.html","/bulletin/interviews/bulletin01-hohwyinterview/","200","True","True","True","False","True","False","True","True","A846DD01BAA9BCD39D23F9516D26692EAFFD19262E2568B5A784846EF4A15B6B","DE66946A0153DDC10EE18C9331814DAA2ABE1BDC1D7EB94E975C284734790100","E3B0C44298FC1C149AFBF4C8996FB92427AE41E4649B934CA495991B7852B855","E3B0C44298FC1C149AFBF4C8996FB92427AE41E4649B934CA495991B7852B855","719A7C8BB1A92F8C80C9B368FAEB1B55B7BFD68F81789C2F81D878E082CA2CA0","5D962A7AD3252ECD66E3120BED063AB3317545A6A3FE6070FB081DAE5D5ADB8C","","","banner-wrap missing"
"bulletin01-luhrmanninterview.html","/bulletin/interviews/bulletin01-luhrmanninterview/","200","True","True","True","False","True","False","True","True","5D6F775B60F834D75BB8C3358197DB71DF216B19F7C76D396AA2F58B88C7C7E1","3E250240E6B334885A6795B1D8338E1FF0B70CBB7A8639B38329ED75392AF828","E3B0C44298FC1C149AFBF4C8996FB92427AE41E4649B934CA495991B7852B855","E3B0C44298FC1C149AFBF4C8996FB92427AE41E4649B934CA495991B7852B855","719A7C8BB1A92F8C80C9B368FAEB1B55B7BFD68F81789C2F81D878E082CA2CA0","5D962A7AD3252ECD66E3120BED063AB3317545A6A3FE6070FB081DAE5D5ADB8C","","","banner-wrap missing"
"bulletin01-mccarthyjonesinterview.html","/bulletin/interviews/bulletin01-mccarthyjonesinterview/","200","True","True","True","False","True","False","True","True","23CB1B9F28420D7C722036ADDF4B84440F4CB25899015693262E54713046DA82","CAD7058ABF91941FEA097D40D72AA9845279529E87D98F9813546108992EE92A","E3B0C44298FC1C149AFBF4C8996FB92427AE41E4649B934CA495991B7852B855","E3B0C44298FC1C149AFBF4C8996FB92427AE41E4649B934CA495991B7852B855","719A7C8BB1A92F8C80C9B368FAEB1B55B7BFD68F81789C2F81D878E082CA2CA0","5D962A7AD3252ECD66E3120BED063AB3317545A6A3FE6070FB081DAE5D5ADB8C","","","banner-wrap missing"
"bulletin01-seligmaninterview.html","/bulletin/interviews/bulletin01-seligmaninterview/","200","True","True","True","False","True","False","True","True","3AB9272C5CDC0D1675548CAE981B995F78A919189BC57F1B738F151F0D8D15CD","E689E770D513C755CFF4CE807160329081826B9C18753C6AA36319A33F5B333B","E3B0C44298FC1C149AFBF4C8996FB92427AE41E4649B934CA495991B7852B855","E3B0C44298FC1C149AFBF4C8996FB92427AE41E4649B934CA495991B7852B855","719A7C8BB1A92F8C80C9B368FAEB1B55B7BFD68F81789C2F81D878E082CA2CA0","5D962A7AD3252ECD66E3120BED063AB3317545A6A3FE6070FB081DAE5D5ADB8C","","","banner-wrap missing"
"bulletin01-windtinterview.html","/bulletin/interviews/bulletin01-windtinterview/","200","True","True","True","False","True","False","True","True","FEB0864450D42A4BC6F0028D3C5668FF52FB37DE3DE910868A903B1565846D9E","561BE9943EDDDB2B60C49052D4DCB3995FC5F07DFD18FDD05F74619A0A55D950","E3B0C44298FC1C149AFBF4C8996FB92427AE41E4649B934CA495991B7852B855","E3B0C44298FC1C149AFBF4C8996FB92427AE41E4649B934CA495991B7852B855","719A7C8BB1A92F8C80C9B368FAEB1B55B7BFD68F81789C2F81D878E082CA2CA0","5D962A7AD3252ECD66E3120BED063AB3317545A6A3FE6070FB081DAE5D5ADB8C","","","banner-wrap missing"
"bulletin02.html","/bulletin/issues/bulletin-02/","200","True","True","True","False","True","False","True","True","CB8AFCB85C16804152AB7479A0260FD85F6A05DE621734ADD84616C4A4DF9D98","4BD6E815E3CA0F7C284F459A24FE4D0A640B824567F03A97D9EAADE8BD4264BB","E3B0C44298FC1C149AFBF4C8996FB92427AE41E4649B934CA495991B7852B855","E3B0C44298FC1C149AFBF4C8996FB92427AE41E4649B934CA495991B7852B855","B7298C90039EA82982D5F1E0695250E9B572F3B456B27784A354FEC0FE1B00EC","9E25E4F0DADDD1278D79997F8356C25C4CD712A4FBD615A1732D4B6A301B53E2","","","banner-wrap missing"
"bulletin02-foxinterview.html","/bulletin/interviews/bulletin02-foxinterview/","200","True","True","True","False","True","False","True","True","AEE7ACA25B35207FA22E7DA91F4E281272DF193864045655FA0FA69FD95A5B44","2D166D3DCB87052D60238F428B7C4C61977BE37F3454C7AD8FCDBE77B90D9A9F","E3B0C44298FC1C149AFBF4C8996FB92427AE41E4649B934CA495991B7852B855","E3B0C44298FC1C149AFBF4C8996FB92427AE41E4649B934CA495991B7852B855","719A7C8BB1A92F8C80C9B368FAEB1B55B7BFD68F81789C2F81D878E082CA2CA0","5D962A7AD3252ECD66E3120BED063AB3317545A6A3FE6070FB081DAE5D5ADB8C","","","banner-wrap missing"
"bulletin02-fristonbiography.html","/bulletin/interviews/bulletin02-fristonbiography/","200","True","True","True","False","True","False","True","True","E4C1B26F77115F3082A2B84D4D1ADE61041220EE59BE19394FE5B4C837CC6BFB","23D63E9FCC70C58400A8B575F742C63D021FA26B3668EA69FA7B730EE45CA65D","E3B0C44298FC1C149AFBF4C8996FB92427AE41E4649B934CA495991B7852B855","E3B0C44298FC1C149AFBF4C8996FB92427AE41E4649B934CA495991B7852B855","719A7C8BB1A92F8C80C9B368FAEB1B55B7BFD68F81789C2F81D878E082CA2CA0","5D962A7AD3252ECD66E3120BED063AB3317545A6A3FE6070FB081DAE5D5ADB8C","","","banner-wrap missing"
"bulletin02-fristoninterview.html","/bulletin/interviews/bulletin02-fristoninterview/","200","True","True","True","False","True","False","True","True","36EC82F5D1CE75DA6BCEA4CFCD578BC1DAA934983A0C424C08C9079C88BF06DD","5A5ECEB9F5D5F458F38A68039C1879A2E13D2645B407AFD3D8EF0982090EDD98","E3B0C44298FC1C149AFBF4C8996FB92427AE41E4649B934CA495991B7852B855","E3B0C44298FC1C149AFBF4C8996FB92427AE41E4649B934CA495991B7852B855","719A7C8BB1A92F8C80C9B368FAEB1B55B7BFD68F81789C2F81D878E082CA2CA0","5D962A7AD3252ECD66E3120BED063AB3317545A6A3FE6070FB081DAE5D5ADB8C","","","banner-wrap missing"
"bulletin02-metzingerinterview.html","/bulletin/interviews/bulletin02-metzingerinterview/","200","True","True","True","False","True","False","True","True","175F7F0822CAE3752C21B8D4B7DF950BF298EFFA75F2E35A1DACC9F47E73F397","2D59C8BBD1B64834D744DF2AE4C91DAE2A53FC2A478EF9D12427956BB18EF4F3","E3B0C44298FC1C149AFBF4C8996FB92427AE41E4649B934CA495991B7852B855","E3B0C44298FC1C149AFBF4C8996FB92427AE41E4649B934CA495991B7852B855","719A7C8BB1A92F8C80C9B368FAEB1B55B7BFD68F81789C2F81D878E082CA2CA0","5D962A7AD3252ECD66E3120BED063AB3317545A6A3FE6070FB081DAE5D5ADB8C","","","banner-wrap missing"
"bulletin02-nicholsinterview.html","/bulletin/interviews/bulletin02-nicholsinterview/","200","True","True","True","False","True","False","True","True","94A115486C750598A999F1114F6BCB9DCC3227F067466787211874571892D0A6","C47B9392DE5526B8E523BFFD5665306340CBC17161C6A8C15FA58BCDA9101DD8","E3B0C44298FC1C149AFBF4C8996FB92427AE41E4649B934CA495991B7852B855","E3B0C44298FC1C149AFBF4C8996FB92427AE41E4649B934CA495991B7852B855","719A7C8BB1A92F8C80C9B368FAEB1B55B7BFD68F81789C2F81D878E082CA2CA0","5D962A7AD3252ECD66E3120BED063AB3317545A6A3FE6070FB081DAE5D5ADB8C","","","banner-wrap missing"
"bulletin02-oreganinterview.html","/bulletin/interviews/bulletin02-oreganinterview/","200","True","True","True","False","True","False","True","True","9035F382B0EAA398F90707318276386E4B386BF91EC47B58D130B5EE1F7B8D98","532EB935BAA19F761DCF6FCD49E737366F4275D01575AEE98B807F63A8D58943","E3B0C44298FC1C149AFBF4C8996FB92427AE41E4649B934CA495991B7852B855","E3B0C44298FC1C149AFBF4C8996FB92427AE41E4649B934CA495991B7852B855","719A7C8BB1A92F8C80C9B368FAEB1B55B7BFD68F81789C2F81D878E082CA2CA0","5D962A7AD3252ECD66E3120BED063AB3317545A6A3FE6070FB081DAE5D5ADB8C","","","banner-wrap missing"
"bulletin02-ratcliffeinterview.html","/bulletin/interviews/bulletin02-ratcliffeinterview/","200","True","True","True","False","True","False","True","True","C03FFCECA48703703C1EA7FD73037E1448965DB564F924B5C243A7522D9203DA","D9E9183EBF60E6D7CBF24A2B248EB98A86D35F585DAD44D6D3BFD019712EE94D","E3B0C44298FC1C149AFBF4C8996FB92427AE41E4649B934CA495991B7852B855","E3B0C44298FC1C149AFBF4C8996FB92427AE41E4649B934CA495991B7852B855","719A7C8BB1A92F8C80C9B368FAEB1B55B7BFD68F81789C2F81D878E082CA2CA0","5D962A7AD3252ECD66E3120BED063AB3317545A6A3FE6070FB081DAE5D5ADB8C","","","banner-wrap missing"
"bulletin02-ratcliffeinterview-496999-868603-823482-372692.html","/bulletin/interviews/bulletin02-ratcliffeinterview-496999-868603-823482-372692/","200","True","True","True","False","True","False","True","True","91E4C4BFAA9F67F202889CE3B4CF3E7D84DA340B315C60B0CEF20386768F30A3","DAB9F9C42935573358EE6C420CA91921A92394E20249005DE102B1EB1757BC54","E3B0C44298FC1C149AFBF4C8996FB92427AE41E4649B934CA495991B7852B855","E3B0C44298FC1C149AFBF4C8996FB92427AE41E4649B934CA495991B7852B855","719A7C8BB1A92F8C80C9B368FAEB1B55B7BFD68F81789C2F81D878E082CA2CA0","5D962A7AD3252ECD66E3120BED063AB3317545A6A3FE6070FB081DAE5D5ADB8C","","","banner-wrap missing"
"bulletin02-tavesinterview.html","/bulletin/interviews/bulletin02-tavesinterview/","200","True","True","True","False","True","False","True","True","215BA94DCB277A8EA1EEA16EBB45F9FC0670F443CB8B4F6781FF3DB60D96ADC8","18F4C210001DFC7A46DCAF0317545F82A5EEE3EBDA232BABF1C7E7FB6B25F8FB","E3B0C44298FC1C149AFBF4C8996FB92427AE41E4649B934CA495991B7852B855","E3B0C44298FC1C149AFBF4C8996FB92427AE41E4649B934CA495991B7852B855","719A7C8BB1A92F8C80C9B368FAEB1B55B7BFD68F81789C2F81D878E082CA2CA0","5D962A7AD3252ECD66E3120BED063AB3317545A6A3FE6070FB081DAE5D5ADB8C","","","banner-wrap missing"
"bulletin03.html","/bulletin/issues/bulletin-03/","200","True","True","True","False","True","False","True","True","A51F7A53E6E365D76934C8F856B329B400CE618652C9CF7AB896959D0D4B5A58","661A52ECAC7F8D95A14115E7539B5B13118E99A6E82E1D002FD7A45A3E6435A2","E3B0C44298FC1C149AFBF4C8996FB92427AE41E4649B934CA495991B7852B855","E3B0C44298FC1C149AFBF4C8996FB92427AE41E4649B934CA495991B7852B855","639E25CE291F971DFB670B48AB561A3AF864F90F76963EC2D39ACFE00C51863B","7DBA65A1B939AF535925C79602F3449991016EBFC08111B2A60DF85E7F922429","","","banner-wrap missing"
"bulletin03-bayneinterview.html","/bulletin/interviews/bulletin03-bayneinterview/","200","True","True","True","False","True","False","True","True","459C8426469065416CFEB9FDFEC3D4382FDF6B86BBBC40BB0678232C480DDA6E","1D1E7E8829EF3E87826C56EA6D1EA3271BD27EE59A82F82C53F1E1E02AA6B401","E3B0C44298FC1C149AFBF4C8996FB92427AE41E4649B934CA495991B7852B855","E3B0C44298FC1C149AFBF4C8996FB92427AE41E4649B934CA495991B7852B855","719A7C8BB1A92F8C80C9B368FAEB1B55B7BFD68F81789C2F81D878E082CA2CA0","5D962A7AD3252ECD66E3120BED063AB3317545A6A3FE6070FB081DAE5D5ADB8C","","","banner-wrap missing"
"bulletin03-dennettinterview.html","/bulletin/interviews/bulletin03-dennettinterview/","200","True","True","True","False","True","False","True","True","53977B5677D6A12B308BDCC6328BEA3813F6547731BB8D05FB29A22E40291C95","1FE97178FED20E1603A7A60686982788A89FF8A816ED8DC03EF305FE5337CD5E","E3B0C44298FC1C149AFBF4C8996FB92427AE41E4649B934CA495991B7852B855","E3B0C44298FC1C149AFBF4C8996FB92427AE41E4649B934CA495991B7852B855","719A7C8BB1A92F8C80C9B368FAEB1B55B7BFD68F81789C2F81D878E082CA2CA0","5D962A7AD3252ECD66E3120BED063AB3317545A6A3FE6070FB081DAE5D5ADB8C","","","banner-wrap missing"
"bulletin03-dienesinterview.html","/bulletin/interviews/bulletin03-dienesinterview/","200","True","True","True","False","True","False","True","True","E4389656DF5576459EC3D09C3801C25C9F2241E6294EA9945D8CEE91BFD2E01A","6E0A5F7A1EE640A7C6D32A06E8DAE9E3E41C7629DCFD82259E2C6CE797B0E4C3","E3B0C44298FC1C149AFBF4C8996FB92427AE41E4649B934CA495991B7852B855","E3B0C44298FC1C149AFBF4C8996FB92427AE41E4649B934CA495991B7852B855","719A7C8BB1A92F8C80C9B368FAEB1B55B7BFD68F81789C2F81D878E082CA2CA0","5D962A7AD3252ECD66E3120BED063AB3317545A6A3FE6070FB081DAE5D5ADB8C","","","banner-wrap missing"
"bulletin03-prellerinterview.html","/bulletin/interviews/bulletin03-prellerinterview/","200","True","True","True","False","True","False","True","True","DB801A165033A045EE2F4CFA5AFD4F091AB39830BA3378AB276B153F9573804F","FB179EEB065BA18810E24215452C35743DD9DCC81FAC1A92ABA6FF505981D9F9","E3B0C44298FC1C149AFBF4C8996FB92427AE41E4649B934CA495991B7852B855","E3B0C44298FC1C149AFBF4C8996FB92427AE41E4649B934CA495991B7852B855","719A7C8BB1A92F8C80C9B368FAEB1B55B7BFD68F81789C2F81D878E082CA2CA0","5D962A7AD3252ECD66E3120BED063AB3317545A6A3FE6070FB081DAE5D5ADB8C","","","banner-wrap missing"
"bulletin03-winkelmaninterview.html","/bulletin/interviews/bulletin03-winkelmaninterview/","200","True","True","True","False","True","False","True","True","6AB11143AB977D57F9CB74381DE245B341B25BE5F88D3631EF77A5C3A30191EA","BE709F2E759F596D8B29977A62528277CF342F75EA1E35067C90AF395554A923","E3B0C44298FC1C149AFBF4C8996FB92427AE41E4649B934CA495991B7852B855","E3B0C44298FC1C149AFBF4C8996FB92427AE41E4649B934CA495991B7852B855","719A7C8BB1A92F8C80C9B368FAEB1B55B7BFD68F81789C2F81D878E082CA2CA0","5D962A7AD3252ECD66E3120BED063AB3317545A6A3FE6070FB081DAE5D5ADB8C","","","banner-wrap missing"
"bulletin04.html","/bulletin/issues/bulletin-04/","200","True","True","True","False","True","False","True","True","D23438738540B8246D4E496AA5C5AB3F424C3019F15D8FDB10FC1B0623E975FA","1E96886F72260C493D45332D6826451ED276309EEEF09CEBC9697E6D9D8F7E55","E3B0C44298FC1C149AFBF4C8996FB92427AE41E4649B934CA495991B7852B855","E3B0C44298FC1C149AFBF4C8996FB92427AE41E4649B934CA495991B7852B855","1D4F251BA5E1629FC9B53CD6A50A8D42E538E48E30BA5A439CA0B00754FBB11F","075DA942649234E91E00426969F2612BECD2DA4DEF10E1298930738B05706FC3","","","banner-wrap missing"
"bulletin04-bairdinterview.html","/bulletin/interviews/bulletin04-bairdinterview/","200","True","True","True","False","True","False","True","True","66B5746B7BA44CF72BC2A8757CCF00F951B7B00B3BE285B82097DA8D536F1737","E53DC628F3498103316BC9351D2C9CE5D9064CB5888C3E152E05E2FACB0E833A","E3B0C44298FC1C149AFBF4C8996FB92427AE41E4649B934CA495991B7852B855","E3B0C44298FC1C149AFBF4C8996FB92427AE41E4649B934CA495991B7852B855","719A7C8BB1A92F8C80C9B368FAEB1B55B7BFD68F81789C2F81D878E082CA2CA0","5D962A7AD3252ECD66E3120BED063AB3317545A6A3FE6070FB081DAE5D5ADB8C","","","banner-wrap missing"
"bulletin04-carterinterview.html","/bulletin/interviews/bulletin04-carterinterview/","200","True","True","True","False","True","False","True","True","9992DE686030987DA33B8478D199E6D01E813EEF5B191D6334D07510A2064A55","6F554616AF1444B9C3D1223B68A35E637930487B5BC60AEE0D21591432DDE028","E3B0C44298FC1C149AFBF4C8996FB92427AE41E4649B934CA495991B7852B855","E3B0C44298FC1C149AFBF4C8996FB92427AE41E4649B934CA495991B7852B855","719A7C8BB1A92F8C80C9B368FAEB1B55B7BFD68F81789C2F81D878E082CA2CA0","5D962A7AD3252ECD66E3120BED063AB3317545A6A3FE6070FB081DAE5D5ADB8C","","","banner-wrap missing"
"bulletin04-gosseriesinterview.html","/bulletin/interviews/bulletin04-gosseriesinterview/","200","True","True","True","False","True","False","True","True","C3628D84A97805CCCB45B42D6C361A371BF79197801705DB39CE55B1088E5775","868BEDB8FBBDA612047F3FC3F84E2C214E4EBD62A2B416E148AA9F3592A89555","E3B0C44298FC1C149AFBF4C8996FB92427AE41E4649B934CA495991B7852B855","E3B0C44298FC1C149AFBF4C8996FB92427AE41E4649B934CA495991B7852B855","719A7C8BB1A92F8C80C9B368FAEB1B55B7BFD68F81789C2F81D878E082CA2CA0","5D962A7AD3252ECD66E3120BED063AB3317545A6A3FE6070FB081DAE5D5ADB8C","","","banner-wrap missing"
"bulletin04-hanksinterview.html","/bulletin/interviews/bulletin04-hanksinterview/","200","True","True","True","False","True","False","True","True","89503CDB04C92D58F45F6807B33027ECE753597348BD9D7E3742F8F354FAD009","AA445B518D617B6F5DC00B21299DC510C7B2C3E67D1EADC4820C8873EF04C9B8","E3B0C44298FC1C149AFBF4C8996FB92427AE41E4649B934CA495991B7852B855","E3B0C44298FC1C149AFBF4C8996FB92427AE41E4649B934CA495991B7852B855","719A7C8BB1A92F8C80C9B368FAEB1B55B7BFD68F81789C2F81D878E082CA2CA0","5D962A7AD3252ECD66E3120BED063AB3317545A6A3FE6070FB081DAE5D5ADB8C","","","banner-wrap missing"
"bulletin04-lenggenhagerinterview.html","/bulletin/interviews/bulletin04-lenggenhagerinterview/","200","True","True","True","False","True","False","True","True","33CDBFD52938368826A971F4B05C5D8B1E2C3BCFEDD8C6AE9ED343D8C32EBC7F","4A893A6BF5E194F01CAB8903FBB15D246D99FEF2C511CF9CFE79AA09E92FFBB7","E3B0C44298FC1C149AFBF4C8996FB92427AE41E4649B934CA495991B7852B855","E3B0C44298FC1C149AFBF4C8996FB92427AE41E4649B934CA495991B7852B855","719A7C8BB1A92F8C80C9B368FAEB1B55B7BFD68F81789C2F81D878E082CA2CA0","5D962A7AD3252ECD66E3120BED063AB3317545A6A3FE6070FB081DAE5D5ADB8C","","","banner-wrap missing"
"bulletin04-martintribute.html","/bulletin/interviews/bulletin04-martintribute/","200","True","True","True","False","True","False","True","True","143E63330E522BAEB38793D99BB18585E6DB0B9817DB83CD29FDE0F6A6F255ED","19CDD9FE44E7E140800D63E793C94E21028062FE44D8FDF0D329574C42495C97","E3B0C44298FC1C149AFBF4C8996FB92427AE41E4649B934CA495991B7852B855","E3B0C44298FC1C149AFBF4C8996FB92427AE41E4649B934CA495991B7852B855","719A7C8BB1A92F8C80C9B368FAEB1B55B7BFD68F81789C2F81D878E082CA2CA0","5D962A7AD3252ECD66E3120BED063AB3317545A6A3FE6070FB081DAE5D5ADB8C","","","banner-wrap missing"
"bulletin04-nicholsinterview.html","/bulletin/interviews/bulletin04-nicholsinterview/","200","True","True","True","False","True","False","True","True","4656E030490B071B990C7CF03923ACA21FE1DC6BB50FFBAE60ADF2EF021B2C29","625393181A1CC8F1D9D726EFB221277044B7FAC4FF9C4AFFDC2F4D0DBFEBF71C","E3B0C44298FC1C149AFBF4C8996FB92427AE41E4649B934CA495991B7852B855","E3B0C44298FC1C149AFBF4C8996FB92427AE41E4649B934CA495991B7852B855","719A7C8BB1A92F8C80C9B368FAEB1B55B7BFD68F81789C2F81D878E082CA2CA0","5D962A7AD3252ECD66E3120BED063AB3317545A6A3FE6070FB081DAE5D5ADB8C","","","banner-wrap missing"
"bulletin04-vignemontinterview.html","/bulletin/interviews/bulletin04-vignemontinterview/","200","True","True","True","False","True","False","True","True","297D4C92A1D57DF858D4F9530163B822E6D8E902AA56A76D4B3A47BD9749547C","34CEBDFC58CB632870E43AC81AC47DA76EBBE8BA9D6E17F5DC3B408C6CB7FEA7","E3B0C44298FC1C149AFBF4C8996FB92427AE41E4649B934CA495991B7852B855","E3B0C44298FC1C149AFBF4C8996FB92427AE41E4649B934CA495991B7852B855","719A7C8BB1A92F8C80C9B368FAEB1B55B7BFD68F81789C2F81D878E082CA2CA0","5D962A7AD3252ECD66E3120BED063AB3317545A6A3FE6070FB081DAE5D5ADB8C","","","banner-wrap missing"
"bulletin05.html","/bulletin/issues/bulletin-05/","200","True","True","True","False","True","False","True","True","9146DB1DD06CC051D0CB0C8C181A2CBC6AC1FC5B44713859C6EB5022A8B943E0","B63363CDF537F6B86BF75C29B02C90633A3083EB946545701B272E70FDC44700","E3B0C44298FC1C149AFBF4C8996FB92427AE41E4649B934CA495991B7852B855","E3B0C44298FC1C149AFBF4C8996FB92427AE41E4649B934CA495991B7852B855","059EC18367E941DFD65A1C045843FBB580571B55578F5DA671DD02E884704DA2","8AF2EAC462492BCE846315CF494B71CF8AE8DB19DF2D1401AEDC4CBE2559C677","","","banner-wrap missing"
"bulletin05-cannaseligmaninterview.html","/bulletin/interviews/bulletin05-cannaseligmaninterview/","200","True","True","True","False","True","False","True","True","B4921439C0E10F5C576DBB9F22DFB2F259DDD8F8087C27D7A33B5D908BC3202F","EEBA7700E988503449F6BB578F65471A3E9EDAECC86F68DAC696760E08EFC4A6","E3B0C44298FC1C149AFBF4C8996FB92427AE41E4649B934CA495991B7852B855","E3B0C44298FC1C149AFBF4C8996FB92427AE41E4649B934CA495991B7852B855","719A7C8BB1A92F8C80C9B368FAEB1B55B7BFD68F81789C2F81D878E082CA2CA0","5D962A7AD3252ECD66E3120BED063AB3317545A6A3FE6070FB081DAE5D5ADB8C","","","banner-wrap missing"
"bulletin05-chadhainterview.html","/bulletin/interviews/bulletin05-chadhainterview/","200","True","True","True","False","True","False","True","True","3A4A4DB9C85CA2CEFC75492244A99C5B07478A7D2AC04A600083228E2CC5DF68","826954E55514FCE1098FB21078CBE3B0C1169B9A8E418F06AF1474AEFCE86E3A","E3B0C44298FC1C149AFBF4C8996FB92427AE41E4649B934CA495991B7852B855","E3B0C44298FC1C149AFBF4C8996FB92427AE41E4649B934CA495991B7852B855","719A7C8BB1A92F8C80C9B368FAEB1B55B7BFD68F81789C2F81D878E082CA2CA0","5D962A7AD3252ECD66E3120BED063AB3317545A6A3FE6070FB081DAE5D5ADB8C","","","banner-wrap missing"
"bulletin05-martial.html","/bulletin/interviews/bulletin05-martial/","200","True","True","True","False","True","False","True","True","85E777A8FE7DCE53A22470DED20BDBFD31FFB371B6192B18BEBE82BD4233B3B4","5ADFD66A958590E96D8AB4159756EBE253A8A5D92C38FD44ECE28344911FC1A5","E3B0C44298FC1C149AFBF4C8996FB92427AE41E4649B934CA495991B7852B855","E3B0C44298FC1C149AFBF4C8996FB92427AE41E4649B934CA495991B7852B855","719A7C8BB1A92F8C80C9B368FAEB1B55B7BFD68F81789C2F81D878E082CA2CA0","5D962A7AD3252ECD66E3120BED063AB3317545A6A3FE6070FB081DAE5D5ADB8C","","","banner-wrap missing"
"bulletin05-olsonyadeninterview.html","/bulletin/interviews/bulletin05-olsonyadeninterview/","200","True","True","True","False","True","False","True","True","9468B4743B698F81C485B6BB8E127E7542F44A5A9C161D064515B461AD9EDC26","5AA40BBEB09D081262D042974AA3CA48071912EB4281EA145D595DDEDF5A16CD","E3B0C44298FC1C149AFBF4C8996FB92427AE41E4649B934CA495991B7852B855","E3B0C44298FC1C149AFBF4C8996FB92427AE41E4649B934CA495991B7852B855","719A7C8BB1A92F8C80C9B368FAEB1B55B7BFD68F81789C2F81D878E082CA2CA0","5D962A7AD3252ECD66E3120BED063AB3317545A6A3FE6070FB081DAE5D5ADB8C","","","banner-wrap missing"
"bulletin05-schmidtinterview.html","/bulletin/interviews/bulletin05-schmidtinterview/","200","True","True","True","False","True","False","True","True","86A41D9C79E8D6E5D9499487AFFDA5C464E0C82F97071697F1D1E2F6E8693823","2A6D8598565FD759CC822FD746E1A44264B2442034968B382E7FB88F7A18C93E","E3B0C44298FC1C149AFBF4C8996FB92427AE41E4649B934CA495991B7852B855","E3B0C44298FC1C149AFBF4C8996FB92427AE41E4649B934CA495991B7852B855","719A7C8BB1A92F8C80C9B368FAEB1B55B7BFD68F81789C2F81D878E082CA2CA0","5D962A7AD3252ECD66E3120BED063AB3317545A6A3FE6070FB081DAE5D5ADB8C","","","banner-wrap missing"
"bulletin06.html","/bulletin/issues/bulletin-06/","200","True","True","True","False","True","False","True","True","239D1907325B2A31F70DF661B9C5179F5D09A58D6937F0EBBF7AFE657FC8FB50","E51B02331B695DCC41601E3A514CB1EF1A9D524102AC08DB858B670EEBA47C2E","E3B0C44298FC1C149AFBF4C8996FB92427AE41E4649B934CA495991B7852B855","E3B0C44298FC1C149AFBF4C8996FB92427AE41E4649B934CA495991B7852B855","125F3B3D3A738AEA44C3C12EE3EA601B9A382DDCC809A297C472704D5ED54179","BBC4E3919565B81ED3002DDE3074A6F7DAB6C9190E5415144657B5EBD3C24BE0","","","banner-wrap missing"
"bulletin06-ciaunica-podcast.html","/bulletin/interviews/bulletin06-ciaunica-podcast/","200","True","True","True","False","True","False","True","True","23C0DBB1B1ACA5CB800839CCA4B9BB5C70A4207866D2504B7F0E1CF0CCCB39D6","F21B01485522EE6DBC14219BC30D312DB6F4B33FF4B63966563DE4D2C91AAEAA","E3B0C44298FC1C149AFBF4C8996FB92427AE41E4649B934CA495991B7852B855","E3B0C44298FC1C149AFBF4C8996FB92427AE41E4649B934CA495991B7852B855","719A7C8BB1A92F8C80C9B368FAEB1B55B7BFD68F81789C2F81D878E082CA2CA0","5D962A7AD3252ECD66E3120BED063AB3317545A6A3FE6070FB081DAE5D5ADB8C","","","banner-wrap missing"
"bulletin06-dossinterview-532533.html","/bulletin/interviews/bulletin06-dossinterview-532533/","200","True","True","True","False","True","False","True","True","DEC7D4CAFAEA3FABFE457EC3ED958A4D7117553F62FA2C5C564EC39E7DD5A6EA","89970F7953018B5CB37AE000C5EBEE7FC34467ED084C93EDE50400CF0A8FB037","E3B0C44298FC1C149AFBF4C8996FB92427AE41E4649B934CA495991B7852B855","E3B0C44298FC1C149AFBF4C8996FB92427AE41E4649B934CA495991B7852B855","719A7C8BB1A92F8C80C9B368FAEB1B55B7BFD68F81789C2F81D878E082CA2CA0","5D962A7AD3252ECD66E3120BED063AB3317545A6A3FE6070FB081DAE5D5ADB8C","","","banner-wrap missing"
"bulletin06-gonzalez-interview.html","/bulletin/interviews/bulletin06-gonzalez-interview/","200","True","True","True","False","True","False","True","True","8A8CB6271546811B7C0BE0206F0B02DD84FE2AF6DD5059EEF59F5451C6D1ED80","AF5666F9A43ACD76CC8A51C91FBDE6C859D28CA60C877ADB4D7417448A7DF4E8","E3B0C44298FC1C149AFBF4C8996FB92427AE41E4649B934CA495991B7852B855","E3B0C44298FC1C149AFBF4C8996FB92427AE41E4649B934CA495991B7852B855","719A7C8BB1A92F8C80C9B368FAEB1B55B7BFD68F81789C2F81D878E082CA2CA0","5D962A7AD3252ECD66E3120BED063AB3317545A6A3FE6070FB081DAE5D5ADB8C","","","banner-wrap missing"
"bulletin06-gonzalez-interview-193094.html","/bulletin/interviews/bulletin06-gonzalez-interview-193094/","200","True","True","True","False","True","False","True","True","0D622BFC2B4C8F1EF94067C06C0DB4E3B19A517AAF904DDF20275E30E0C279EB","B98206FFBF69D9F89D48AAE7AB19B90EAF8352319101FC70518FC57530FEFA4A","E3B0C44298FC1C149AFBF4C8996FB92427AE41E4649B934CA495991B7852B855","E3B0C44298FC1C149AFBF4C8996FB92427AE41E4649B934CA495991B7852B855","719A7C8BB1A92F8C80C9B368FAEB1B55B7BFD68F81789C2F81D878E082CA2CA0","5D962A7AD3252ECD66E3120BED063AB3317545A6A3FE6070FB081DAE5D5ADB8C","","","banner-wrap missing"
"bulletin06-jillings-podcast.html","/bulletin/interviews/bulletin06-jillings-podcast/","200","True","True","True","False","True","False","True","True","886CFDCFDD547F7DFCCEE58C5D0B10A93FD4DF878535C4368EB03C89146666D0","7C009BDA0877665833AFCAAAF3BFCC5A2729CC82454F9145F3D000AFCC9B035C","E3B0C44298FC1C149AFBF4C8996FB92427AE41E4649B934CA495991B7852B855","E3B0C44298FC1C149AFBF4C8996FB92427AE41E4649B934CA495991B7852B855","719A7C8BB1A92F8C80C9B368FAEB1B55B7BFD68F81789C2F81D878E082CA2CA0","5D962A7AD3252ECD66E3120BED063AB3317545A6A3FE6070FB081DAE5D5ADB8C","","","banner-wrap missing"
"bulletin06-koroma-podcast.html","/bulletin/interviews/bulletin06-koroma-podcast/","200","True","True","True","False","True","False","True","True","C4CEECF8321106A0B1BEB6E6F51756747171A840C8DB2F195A78C09E2D4F79AE","5C32B207E67FE33B0E2C2FFBA37D95B02572EF7F4A22595B7E969B75E8AC9C41","E3B0C44298FC1C149AFBF4C8996FB92427AE41E4649B934CA495991B7852B855","E3B0C44298FC1C149AFBF4C8996FB92427AE41E4649B934CA495991B7852B855","719A7C8BB1A92F8C80C9B368FAEB1B55B7BFD68F81789C2F81D878E082CA2CA0","5D962A7AD3252ECD66E3120BED063AB3317545A6A3FE6070FB081DAE5D5ADB8C","","","banner-wrap missing"
"bulletin06-koroma-podcast-348367.html","/bulletin/interviews/bulletin06-koroma-podcast-348367/","200","True","True","True","False","True","False","True","True","7500ACDA456C70F191E5452541DDB07A98A140870FC54B1F2D1240F7D6E07618","5623136A84C325622B3A68412BDBDB36A2DD97B37960C8AEC09A1F828CE5417F","E3B0C44298FC1C149AFBF4C8996FB92427AE41E4649B934CA495991B7852B855","E3B0C44298FC1C149AFBF4C8996FB92427AE41E4649B934CA495991B7852B855","719A7C8BB1A92F8C80C9B368FAEB1B55B7BFD68F81789C2F81D878E082CA2CA0","5D962A7AD3252ECD66E3120BED063AB3317545A6A3FE6070FB081DAE5D5ADB8C","","","banner-wrap missing"
"bulletin06-sapolskyinterview.html","/bulletin/interviews/bulletin06-sapolskyinterview/","200","True","True","True","False","True","False","True","True","D1EC90BFAE92B23FD47414599B03CCADF33EDA653F675DA3D9B80F55C03503C3","F017255C7F6DF2A8A3495E9BBC74FE5272C76D178B0465187C46EBED563EADEE","E3B0C44298FC1C149AFBF4C8996FB92427AE41E4649B934CA495991B7852B855","E3B0C44298FC1C149AFBF4C8996FB92427AE41E4649B934CA495991B7852B855","719A7C8BB1A92F8C80C9B368FAEB1B55B7BFD68F81789C2F81D878E082CA2CA0","5D962A7AD3252ECD66E3120BED063AB3317545A6A3FE6070FB081DAE5D5ADB8C","","","banner-wrap missing"
"bulletin07.html","/bulletin/issues/bulletin-07/","200","True","True","True","False","True","False","True","True","6C29B6D23C905E760514E3729157DB3CFE31C4F5EB1BC08695D402161E7F34BC","68968EB84C2A044D7A04219114873DFCFC8A1EC290DDBE3D31C87B11D867EA67","E3B0C44298FC1C149AFBF4C8996FB92427AE41E4649B934CA495991B7852B855","E3B0C44298FC1C149AFBF4C8996FB92427AE41E4649B934CA495991B7852B855","F985E1B97D992D76383A83ECB2E0DEA79244228FA166D6FD1EB4B16F5AD9CFBA","D767874BD1C660456597C6B7B7DAD292C5488D43283F5FF4542DBFBC26D2A078","","","banner-wrap missing"
"cardiac_sleep.html","/research/projects/cardiac_sleep/","200","True","True","True","False","True","False","True","True","B2AEAE271643D60C0D5DAE325AFFA10DE962BC08B454900E41A2A4CAC9048029","3D4ED30FA4B97DA9C0A14B21DB6E002F39FDB9728FD9DDE9B82EB0F021AF6D8C","E3B0C44298FC1C149AFBF4C8996FB92427AE41E4649B934CA495991B7852B855","E3B0C44298FC1C149AFBF4C8996FB92427AE41E4649B934CA495991B7852B855","719A7C8BB1A92F8C80C9B368FAEB1B55B7BFD68F81789C2F81D878E082CA2CA0","5D962A7AD3252ECD66E3120BED063AB3317545A6A3FE6070FB081DAE5D5ADB8C","","","banner-wrap missing"
"changeux.html","/pages/changeux/","200","True","True","True","False","True","False","True","True","99529158B57E5C1CEA8742A68CFCC15FFFDF0BF690BEBACEA3B8D807742E3D18","0325C89739154A684308F3C8C900A5D17EB975EC2A4E0CA5B862890D13088A69","E3B0C44298FC1C149AFBF4C8996FB92427AE41E4649B934CA495991B7852B855","E3B0C44298FC1C149AFBF4C8996FB92427AE41E4649B934CA495991B7852B855","59393E512A8A25AB00E2E0172F7CF1045386B7885B513FC47779344BA184033D","17FCD94BB11D06E86305E07A256C038A0DD682785ADA3741289B2E83313B381D","","","banner-wrap missing"
"cincosins.html","/pages/cincosins/","200","True","True","True","False","True","False","True","True","240F299AB539AF928F8703B9F5680B340B06A1A30A570A2C2DAE39A1CB3ACC6A","68AAA7C45F94347B45FD2CD72BFD9DAAE4D9FAE781194CD4899E0B24542C511F","E3B0C44298FC1C149AFBF4C8996FB92427AE41E4649B934CA495991B7852B855","E3B0C44298FC1C149AFBF4C8996FB92427AE41E4649B934CA495991B7852B855","719A7C8BB1A92F8C80C9B368FAEB1B55B7BFD68F81789C2F81D878E082CA2CA0","5D962A7AD3252ECD66E3120BED063AB3317545A6A3FE6070FB081DAE5D5ADB8C","","","banner-wrap missing"
"classification-schemes.html","/pages/classification-schemes/","200","True","True","True","False","True","False","True","True","60FC01AE92BE9B2A181BA405E5F77A1D5E844C4265F8C05A65A64D5316AD5B39","0BC91D7AD9FA28A01E03BA68A2DECB5C14A058521BE37CFDF5D369AE242402F7","E3B0C44298FC1C149AFBF4C8996FB92427AE41E4649B934CA495991B7852B855","E3B0C44298FC1C149AFBF4C8996FB92427AE41E4649B934CA495991B7852B855","719A7C8BB1A92F8C80C9B368FAEB1B55B7BFD68F81789C2F81D878E082CA2CA0","5D962A7AD3252ECD66E3120BED063AB3317545A6A3FE6070FB081DAE5D5ADB8C","","","banner-wrap missing"
"commentaries.html","/research/commentaries/commentaries/","200","True","True","True","False","True","False","True","True","444926F6A55523B97B3875D65AED8BB3DB6729669CB3FE398AB10BAD397D7F1F","FD1B66DB16BB4A38510FA9CFDF4ABA2C83B9172214F32F4E357C7AC58C7A15CF","E3B0C44298FC1C149AFBF4C8996FB92427AE41E4649B934CA495991B7852B855","E3B0C44298FC1C149AFBF4C8996FB92427AE41E4649B934CA495991B7852B855","719A7C8BB1A92F8C80C9B368FAEB1B55B7BFD68F81789C2F81D878E082CA2CA0","5D962A7AD3252ECD66E3120BED063AB3317545A6A3FE6070FB081DAE5D5ADB8C","","","banner-wrap missing"
"commentaries2.html","/research/commentaries/commentaries2/","200","True","True","True","False","True","False","True","True","75383F32B4AB712D8C6843EF6B0B894476FE3C799426103891E53A420F90204B","6DFE1654B30B63C49718C65BE8AF82F87BB693EEC85B87D1B9C4E4CEE66B8336","E3B0C44298FC1C149AFBF4C8996FB92427AE41E4649B934CA495991B7852B855","E3B0C44298FC1C149AFBF4C8996FB92427AE41E4649B934CA495991B7852B855","719A7C8BB1A92F8C80C9B368FAEB1B55B7BFD68F81789C2F81D878E082CA2CA0","5D962A7AD3252ECD66E3120BED063AB3317545A6A3FE6070FB081DAE5D5ADB8C","","","banner-wrap missing"
"cultural-shaping-of-consciousness.html","/research/projects/cultural-shaping-of-consciousness/","200","True","True","True","False","True","False","True","True","E63F7B5DC953F2B92B706ABDAFC550DE396E2AF7D57CC156783C6E02C8E18251","8C2EFFDAE026DD6F08183811F34820543071A40014441AA8EB1A751CDE4E2BAA","E3B0C44298FC1C149AFBF4C8996FB92427AE41E4649B934CA495991B7852B855","E3B0C44298FC1C149AFBF4C8996FB92427AE41E4649B934CA495991B7852B855","719A7C8BB1A92F8C80C9B368FAEB1B55B7BFD68F81789C2F81D878E082CA2CA0","5D962A7AD3252ECD66E3120BED063AB3317545A6A3FE6070FB081DAE5D5ADB8C","","","banner-wrap missing"
"depersonalisation.html","/research/projects/depersonalisation/","200","True","True","True","False","True","False","True","True","7C54259121D7CAB6392587BB7BE32F65FBA88AF7467D90AAF5D3031DCBC9EDC0","30B8C9A178BDC7FE7A1534C4F88BBDE17289FF5C2F34D5D03439CCA5A4078B56","E3B0C44298FC1C149AFBF4C8996FB92427AE41E4649B934CA495991B7852B855","E3B0C44298FC1C149AFBF4C8996FB92427AE41E4649B934CA495991B7852B855","719A7C8BB1A92F8C80C9B368FAEB1B55B7BFD68F81789C2F81D878E082CA2CA0","5D962A7AD3252ECD66E3120BED063AB3317545A6A3FE6070FB081DAE5D5ADB8C","","","banner-wrap missing"
"episodes.html","/media/episodes/","200","True","True","True","False","True","False","True","True","E128907D0B8941E32FAAA0ABB6F409FC938DEA6A018C00AE12EE58D856DDE35C","14D969153EF9EFE4DEE44683495CD115586D701027CE60851D7C78F27BEC5E72","E3B0C44298FC1C149AFBF4C8996FB92427AE41E4649B934CA495991B7852B855","E3B0C44298FC1C149AFBF4C8996FB92427AE41E4649B934CA495991B7852B855","719A7C8BB1A92F8C80C9B368FAEB1B55B7BFD68F81789C2F81D878E082CA2CA0","5D962A7AD3252ECD66E3120BED063AB3317545A6A3FE6070FB081DAE5D5ADB8C","","","banner-wrap missing"
"events.html","/events/events/","200","True","True","True","False","True","False","True","True","D06E17451C6FAAF3AF321759F5DD3778C18ABC255A6707DFE57ED4116AF30F6F","97141039ADF37879981D3CD8E318E5E9BFA03CD458358D861705A7192FB178AC","E3B0C44298FC1C149AFBF4C8996FB92427AE41E4649B934CA495991B7852B855","E3B0C44298FC1C149AFBF4C8996FB92427AE41E4649B934CA495991B7852B855","4543CC5E78C7B1424E60DA4357C27B34CEF5EFAE2B5B48E3D26788A603FD3496","138450236D50ADF35AB9D25791BC9C2B82184C5F9B2B3C905590E4B41042D5DB","","","banner-wrap missing"
"francelerner.html","/pages/francelerner/","200","True","True","True","False","True","False","True","True","23A21B70D125196D7D4A584DD1275A9CCF91B3888472125BB825687E94516998","81C753AF1F717BB4BB5F2E348D6FFC44E53B2CA8A13DDE7D95B8ADD245276E55","E3B0C44298FC1C149AFBF4C8996FB92427AE41E4649B934CA495991B7852B855","E3B0C44298FC1C149AFBF4C8996FB92427AE41E4649B934CA495991B7852B855","719A7C8BB1A92F8C80C9B368FAEB1B55B7BFD68F81789C2F81D878E082CA2CA0","5D962A7AD3252ECD66E3120BED063AB3317545A6A3FE6070FB081DAE5D5ADB8C","","","banner-wrap missing"
"froese.html","/pages/froese/","200","True","True","True","False","True","False","True","True","55BCBF8D6AC1E3B7B3D002E1FF3E593DDB9D8C107D019120F0DEC1B8D9611270","D3971FD4064569083E41AFA08F0C2E04939321B594A108F406C5AFD84383AF15","E3B0C44298FC1C149AFBF4C8996FB92427AE41E4649B934CA495991B7852B855","E3B0C44298FC1C149AFBF4C8996FB92427AE41E4649B934CA495991B7852B855","91F9116DE63DDA6C52171612CBCFFC38F18882BA8818DD54EBC919777132489D","55A17529AB4754B8701656523DAD895ED4230BFEE98BB334847BE139EC8A3701","","","banner-wrap missing"
"images-visionnaires.html","/media/images-visionnaires/","200","True","True","True","False","True","False","True","True","5E2280091C57C7FE2FC7C5E7F1F84C95FEF5ADA682C81D308752DFCDB9116110","DC3E43EE25BB8A74791A67BBDE2D0E643DB85639A6F6CCDB12C5ED2125A01117","E3B0C44298FC1C149AFBF4C8996FB92427AE41E4649B934CA495991B7852B855","E3B0C44298FC1C149AFBF4C8996FB92427AE41E4649B934CA495991B7852B855","719A7C8BB1A92F8C80C9B368FAEB1B55B7BFD68F81789C2F81D878E082CA2CA0","5D962A7AD3252ECD66E3120BED063AB3317545A6A3FE6070FB081DAE5D5ADB8C","","","banner-wrap missing"
"index.html","/","200","True","True","True","False","False","False","True","True","B35C886C748A90D4F10E89677F6C8634929176AAE1C801156A53F0A95F023942","A8CBA792EC1AABF3F343A87B77E88DF5D0CEA1C3741A480227AB54E58ED220AB","0385937FD9A800DE59BE5582B0E4E5D019EC61352487E4610568D469E491C9D7","434623DD925840C4F7451893A1F7CE7A134BF225BC598E18D10AEB0FBD7433D8","0385937FD9A800DE59BE5582B0E4E5D019EC61352487E4610568D469E491C9D7","434623DD925840C4F7451893A1F7CE7A134BF225BC598E18D10AEB0FBD7433D8","Home | About | Team | Bulletin | Journal Clubs | Events | Membership","Home | About | Team | Bulletin | Journal Clubs | Events | Membership",""
"interviews.html","/articles/interviews/interviews/","200","True","True","True","False","True","False","True","True","17B115AC4344F1D2469535421BE002ED3130066EDEDCD0935A9B892F3894F27E","73B0DC85791DE3CDCA448C7025B164F4ACF561DB138640AA31A156CCC00D99EE","E3B0C44298FC1C149AFBF4C8996FB92427AE41E4649B934CA495991B7852B855","E3B0C44298FC1C149AFBF4C8996FB92427AE41E4649B934CA495991B7852B855","719A7C8BB1A92F8C80C9B368FAEB1B55B7BFD68F81789C2F81D878E082CA2CA0","5D962A7AD3252ECD66E3120BED063AB3317545A6A3FE6070FB081DAE5D5ADB8C","","","banner-wrap missing"
"interviews-543677.html","/articles/interviews/interviews-543677/","200","True","True","True","False","True","False","True","True","15F9EA276D30FBC47DE07E6ADC175A111CC12E8A1DACA3417F4FF8DD577CD28A","D0F1071F2ABE80912715443910BF895DB9256938590EC9C3E32D784E93978F45","E3B0C44298FC1C149AFBF4C8996FB92427AE41E4649B934CA495991B7852B855","E3B0C44298FC1C149AFBF4C8996FB92427AE41E4649B934CA495991B7852B855","719A7C8BB1A92F8C80C9B368FAEB1B55B7BFD68F81789C2F81D878E082CA2CA0","5D962A7AD3252ECD66E3120BED063AB3317545A6A3FE6070FB081DAE5D5ADB8C","","","banner-wrap missing"
"interviews-543677-730818.html","/articles/interviews/interviews-543677-730818/","200","True","True","True","False","True","False","True","True","F0D2E46EC8E14C3E143BBE1E3CF5CB1476EEBF515354DDF63C3648636271F33F","C054E624B149AB8C0C64F5F5A5A8EA67CB90699A4239E8706EC30EDC2D3834DF","E3B0C44298FC1C149AFBF4C8996FB92427AE41E4649B934CA495991B7852B855","E3B0C44298FC1C149AFBF4C8996FB92427AE41E4649B934CA495991B7852B855","719A7C8BB1A92F8C80C9B368FAEB1B55B7BFD68F81789C2F81D878E082CA2CA0","5D962A7AD3252ECD66E3120BED063AB3317545A6A3FE6070FB081DAE5D5ADB8C","","","banner-wrap missing"
"interviews-785795-961587.html","/articles/interviews/interviews-785795-961587/","200","True","True","True","False","True","False","True","True","CA4AF9A19CD7121B7F7BBD8A68113849E2A4712CB86C2354E6885693C5E81B3D","4C3EB087263FD5FD4A91B1B5E530965AF7D84EA78D31D848808ABCB46C4EC148","E3B0C44298FC1C149AFBF4C8996FB92427AE41E4649B934CA495991B7852B855","E3B0C44298FC1C149AFBF4C8996FB92427AE41E4649B934CA495991B7852B855","719A7C8BB1A92F8C80C9B368FAEB1B55B7BFD68F81789C2F81D878E082CA2CA0","5D962A7AD3252ECD66E3120BED063AB3317545A6A3FE6070FB081DAE5D5ADB8C","","","banner-wrap missing"
"jeanremy-martin-01.html","/pages/jeanremy-martin-01/","200","True","True","True","False","True","False","True","True","21FF46C4F96C74AC12D24F52EC59E58990D6F9191AAA217BF64433EBAA8771DB","BF2C78D2822E91795D6DED1624D2FEAFABA6255306C6AFD9B0E388E3AFD159B6","E3B0C44298FC1C149AFBF4C8996FB92427AE41E4649B934CA495991B7852B855","E3B0C44298FC1C149AFBF4C8996FB92427AE41E4649B934CA495991B7852B855","719A7C8BB1A92F8C80C9B368FAEB1B55B7BFD68F81789C2F81D878E082CA2CA0","5D962A7AD3252ECD66E3120BED063AB3317545A6A3FE6070FB081DAE5D5ADB8C","","","banner-wrap missing"
"jeanremy-martin-intro.html","/pages/jeanremy-martin-intro/","200","True","True","True","False","True","False","True","True","146BD28AFA587404D5F3C8C1E5FBBD14ABC605580E00E408EC41C914B833B9B6","F4E32C096860F35716F085EC8620CCC5A4E4DE836066491C44FFBD3D4B62D535","E3B0C44298FC1C149AFBF4C8996FB92427AE41E4649B934CA495991B7852B855","E3B0C44298FC1C149AFBF4C8996FB92427AE41E4649B934CA495991B7852B855","719A7C8BB1A92F8C80C9B368FAEB1B55B7BFD68F81789C2F81D878E082CA2CA0","5D962A7AD3252ECD66E3120BED063AB3317545A6A3FE6070FB081DAE5D5ADB8C","","","banner-wrap missing"
"journal-club.html","/events/journal-club/","200","True","True","True","False","True","False","True","True","9A7785405FB1D7D370881A0096F8A1E6CBD3A1E5FF02BE87FD4F27719F3EF9E4","F9460B2DC5A37C92EEC3B00C25ED7414569379141729DB383CEC96AA75CFF1F1","E3B0C44298FC1C149AFBF4C8996FB92427AE41E4649B934CA495991B7852B855","E3B0C44298FC1C149AFBF4C8996FB92427AE41E4649B934CA495991B7852B855","84B16575DB636C4B9CA3EB9C6DC2A83B841450DF3F78979DB329C96A8A75B51C","7CC1C7A3D4E5C7433C88108589E8E1214F7747609577B6498E86765AE8C50FB3","","","banner-wrap missing"
"journal-club-228113.html","/events/journal-club-228113/","200","True","True","True","False","True","False","True","True","457ACE6924F0C1C4D4901412027A675C458E17ED6D79B3680F6E54FAD0020D3E","9E8A4253F0AFD1368D6EF17AAB4A949320C5925643EE6C373AF96EF9777CF245","E3B0C44298FC1C149AFBF4C8996FB92427AE41E4649B934CA495991B7852B855","E3B0C44298FC1C149AFBF4C8996FB92427AE41E4649B934CA495991B7852B855","719A7C8BB1A92F8C80C9B368FAEB1B55B7BFD68F81789C2F81D878E082CA2CA0","5D962A7AD3252ECD66E3120BED063AB3317545A6A3FE6070FB081DAE5D5ADB8C","","","banner-wrap missing"
"journalclub-868968.html","/events/journalclub-868968/","200","True","True","True","False","True","False","True","True","28F9E39E146D873333D504059FFB5BC4F91528BB0336F53AB712C33A80798EDC","855999C6C3EE1EC453DBD5364867A510A4A35013DEBF1465476D3E6822D32170","E3B0C44298FC1C149AFBF4C8996FB92427AE41E4649B934CA495991B7852B855","E3B0C44298FC1C149AFBF4C8996FB92427AE41E4649B934CA495991B7852B855","719A7C8BB1A92F8C80C9B368FAEB1B55B7BFD68F81789C2F81D878E082CA2CA0","5D962A7AD3252ECD66E3120BED063AB3317545A6A3FE6070FB081DAE5D5ADB8C","","","banner-wrap missing"
"journal-club-995321.html","/events/journal-club-995321/","200","True","True","True","False","True","False","True","True","FD768FF36BA679F538170AD6411A97D6420701916D4B726C7C6C3A8612669DD3","A76B373E4D7D20CAE8C6DD51622F8089B1E88D1901C2A68452CBB475D477491E","E3B0C44298FC1C149AFBF4C8996FB92427AE41E4649B934CA495991B7852B855","E3B0C44298FC1C149AFBF4C8996FB92427AE41E4649B934CA495991B7852B855","719A7C8BB1A92F8C80C9B368FAEB1B55B7BFD68F81789C2F81D878E082CA2CA0","5D962A7AD3252ECD66E3120BED063AB3317545A6A3FE6070FB081DAE5D5ADB8C","","","banner-wrap missing"
"journee-etudes-martin-fortier.html","/pages/journee-etudes-martin-fortier/","200","True","True","True","False","True","False","True","True","DC01FCF897C6886C380DF75833A602A2970F66A894DD32DE46CF0B4F9C9CD598","A834D55729C0F6BE9F25940680FCE31D0CE7747E7EE9D406CB2CDC5293EB3197","E3B0C44298FC1C149AFBF4C8996FB92427AE41E4649B934CA495991B7852B855","E3B0C44298FC1C149AFBF4C8996FB92427AE41E4649B934CA495991B7852B855","719A7C8BB1A92F8C80C9B368FAEB1B55B7BFD68F81789C2F81D878E082CA2CA0","5D962A7AD3252ECD66E3120BED063AB3317545A6A3FE6070FB081DAE5D5ADB8C","","","banner-wrap missing"
"link-page.html","/pages/link-page/","200","True","True","True","False","False","False","True","True","D5F34064CF2582BA54E4B1D076626E1DD2EEFA03A83865B7E5BF7D976AC1FCBF","52ECD187A071DAF1846A48C341637E8720CCDA84C4530B430B765B87114FE1E4","719A7C8BB1A92F8C80C9B368FAEB1B55B7BFD68F81789C2F81D878E082CA2CA0","5D962A7AD3252ECD66E3120BED063AB3317545A6A3FE6070FB081DAE5D5ADB8C","719A7C8BB1A92F8C80C9B368FAEB1B55B7BFD68F81789C2F81D878E082CA2CA0","5D962A7AD3252ECD66E3120BED063AB3317545A6A3FE6070FB081DAE5D5ADB8C","Home | About | Team | Bulletin | Journal Clubs | Events | Membership","Home | About | Team | Bulletin | Journal Clubs | Events | Membership",""
"mapping-dmt.html","/research/projects/mapping-dmt/","200","True","True","True","False","True","False","True","True","F9BA7A2C10978FCD51EE4B8EF574855E99A7FFB83D4C644FA4DF2655B8BE5169","14E925868C9AC723A520C9ACD2A30FF8922048A45CC68F8DAA13CFC9B0C8E67F","E3B0C44298FC1C149AFBF4C8996FB92427AE41E4649B934CA495991B7852B855","E3B0C44298FC1C149AFBF4C8996FB92427AE41E4649B934CA495991B7852B855","719A7C8BB1A92F8C80C9B368FAEB1B55B7BFD68F81789C2F81D878E082CA2CA0","5D962A7AD3252ECD66E3120BED063AB3317545A6A3FE6070FB081DAE5D5ADB8C","","","banner-wrap missing"
"martial-nde-commentary.html","/pages/martial-nde-commentary/","200","True","True","True","False","True","False","True","True","13A75C79FF97D426393A5B5F5CDD2B4E394131AA1BB4B04BADFCAB498B449AE8","79276C701CDE446163DB70C51935B5D4FD52AC7778B33E9FB342F7C3EC9D7A8F","E3B0C44298FC1C149AFBF4C8996FB92427AE41E4649B934CA495991B7852B855","E3B0C44298FC1C149AFBF4C8996FB92427AE41E4649B934CA495991B7852B855","719A7C8BB1A92F8C80C9B368FAEB1B55B7BFD68F81789C2F81D878E082CA2CA0","5D962A7AD3252ECD66E3120BED063AB3317545A6A3FE6070FB081DAE5D5ADB8C","","","banner-wrap missing"
"martinfortier.html","/pages/martinfortier/","200","True","True","True","False","True","False","True","True","3AE62E9C3ED13EF598B64B96C8A5136D0AA0D79D91937DFA7CB7F1A362C66115","358369154EFA4CACB959A404220FCE4B06DE1FE533BB1199ACDCBDF13B8B53ED","E3B0C44298FC1C149AFBF4C8996FB92427AE41E4649B934CA495991B7852B855","E3B0C44298FC1C149AFBF4C8996FB92427AE41E4649B934CA495991B7852B855","94A4C7FD13839FE57420E10D8B58066152B3D3A8694740DD4E2843DAEF4BA210","7A120E4E549B71C734CD6CEE05A9ACEDF42C5331DD95B5EA6C66498D48AE9F7C","","","banner-wrap missing"
"media.html","/media/media/","200","True","True","True","False","True","False","True","True","E6CDB4AEF771C89229B26D200ABF5685E3B6869EECFDA373CC765B5D8FC1002A","12ABACF59071718501E1FCCC51EBA5111187FF1178C399F24CD34EB55BCCE068","E3B0C44298FC1C149AFBF4C8996FB92427AE41E4649B934CA495991B7852B855","E3B0C44298FC1C149AFBF4C8996FB92427AE41E4649B934CA495991B7852B855","719A7C8BB1A92F8C80C9B368FAEB1B55B7BFD68F81789C2F81D878E082CA2CA0","5D962A7AD3252ECD66E3120BED063AB3317545A6A3FE6070FB081DAE5D5ADB8C","","","banner-wrap missing"
"meditation-psychedelics-self.html","/research/projects/meditation-psychedelics-self/","200","True","True","True","False","True","False","True","True","69199368683670F6EE1BB2240C1DEEE4AA777B4C14317685E9B3F6088E388973","96AFD42322BFA5C6CF4EBE31F0DC4671D16B96727E9C763F641B2CC2F52B1179","E3B0C44298FC1C149AFBF4C8996FB92427AE41E4649B934CA495991B7852B855","E3B0C44298FC1C149AFBF4C8996FB92427AE41E4649B934CA495991B7852B855","719A7C8BB1A92F8C80C9B368FAEB1B55B7BFD68F81789C2F81D878E082CA2CA0","5D962A7AD3252ECD66E3120BED063AB3317545A6A3FE6070FB081DAE5D5ADB8C","","","banner-wrap missing"
"members1.html","/community/members1/","200","True","True","True","False","True","False","True","True","41CE7C56E53873E69BC1ED94DA3D1724B221DFAB4759824C1A61A8701634E2D1","CE9541EC98FACBDCC729FC00DB065B41F26DEC40FC27E8038B955D44F29A11C8","E3B0C44298FC1C149AFBF4C8996FB92427AE41E4649B934CA495991B7852B855","E3B0C44298FC1C149AFBF4C8996FB92427AE41E4649B934CA495991B7852B855","719A7C8BB1A92F8C80C9B368FAEB1B55B7BFD68F81789C2F81D878E082CA2CA0","5D962A7AD3252ECD66E3120BED063AB3317545A6A3FE6070FB081DAE5D5ADB8C","","","banner-wrap missing"
"membership-renewal.html","/community/membership-renewal/","200","True","True","True","False","True","False","True","True","B8ED181D28F4344C8E767ADE725461D86B1D7DCD2152E8E4BA4C73ECA5193D81","93CF36B92E6135CD05FD70A170E0C36C57D0D45A22CA9FB7E38A4C01ED1C1C31","E3B0C44298FC1C149AFBF4C8996FB92427AE41E4649B934CA495991B7852B855","E3B0C44298FC1C149AFBF4C8996FB92427AE41E4649B934CA495991B7852B855","719A7C8BB1A92F8C80C9B368FAEB1B55B7BFD68F81789C2F81D878E082CA2CA0","5D962A7AD3252ECD66E3120BED063AB3317545A6A3FE6070FB081DAE5D5ADB8C","","","banner-wrap missing"
"membership-renewal-178580.html","/community/membership-renewal-178580/","200","True","True","True","False","True","False","True","True","1167079AD7713E17562D3178C748E3803B52319FBAA5C9C27EAC4AF2AF97B570","0B01192F28C0A268DDBE49965AA9FA74A69413F4C1B44CDF8260B750CD37727B","E3B0C44298FC1C149AFBF4C8996FB92427AE41E4649B934CA495991B7852B855","E3B0C44298FC1C149AFBF4C8996FB92427AE41E4649B934CA495991B7852B855","BE10CF75BD5E02F9B069075B3033EFF8407A0D8B7DBD4631E6936417C725D7E7","CBEE0C87532250715B0A8CAE18D95B65114BA60D81CA6F2840520A9557A227F4","","","banner-wrap missing"
"membership-renewal-894351.html","/community/membership-renewal-894351/","200","True","True","True","False","True","False","True","True","1F0420D332631DB2C9839B7F72E9A7A4EE86591C1E05A690AE4CC3BFF042D456","C5C73FBAC0475FFF30A03E84F00814EC4AD0CFE4494EFBDAF350B97EB55EB0D6","E3B0C44298FC1C149AFBF4C8996FB92427AE41E4649B934CA495991B7852B855","E3B0C44298FC1C149AFBF4C8996FB92427AE41E4649B934CA495991B7852B855","1B6A219CEE21A6E5FA99E25B947113DFC3BD9114CC78F698EA8DC4683E93C2BA","92DD2DB71C1BED08FB7930376C408DDD9D47BA486BBCCBCD1CC90DFB8C35B9FF","","","banner-wrap missing"
"music.html","/media/music/","200","True","True","True","False","True","False","True","True","8546D38E79C1D20925B7FC818F3CD061ED159BE3AF48B0FBAEC6D446B5E020CA","288C596F29D0D609499FFFAD2D81BDF788DB287D579CB96CF1F420A6D7D86EF3","E3B0C44298FC1C149AFBF4C8996FB92427AE41E4649B934CA495991B7852B855","E3B0C44298FC1C149AFBF4C8996FB92427AE41E4649B934CA495991B7852B855","8470438533BF8F6EC1BF908C3F3DB8908EB2343004FA9AF9D6C88C1D1CA82302","2ED5A7DF8BF77C6E67B21277348EB84385B891DA2A7918A8CC31E5637FBEAF85","","","banner-wrap missing"
"newsletter.html","/community/newsletter/","200","True","True","True","False","True","False","True","True","9E1431D2881D41088A585940816BF5C45E784C5281C3FCD2E21F025E87ACBED3","DBA0B6B1BF8D7166CAE8A2AE208B61C9167262236F1437DB3F4AAC580E67E73B","E3B0C44298FC1C149AFBF4C8996FB92427AE41E4649B934CA495991B7852B855","E3B0C44298FC1C149AFBF4C8996FB92427AE41E4649B934CA495991B7852B855","719A7C8BB1A92F8C80C9B368FAEB1B55B7BFD68F81789C2F81D878E082CA2CA0","5D962A7AD3252ECD66E3120BED063AB3317545A6A3FE6070FB081DAE5D5ADB8C","","","banner-wrap missing"
"nichols-nichols-endogenous-dmt.html","/research/projects/nichols-nichols-endogenous-dmt/","200","True","True","True","False","True","False","True","True","88A0778C1E32B1FC42824CBDE450BFBFF3A1C91B719CE3C38B94C96539C7BB1D","8AA8D076FD2E26C031B3F05EA713E4F211C285033B86F097D144610147431BCA","E3B0C44298FC1C149AFBF4C8996FB92427AE41E4649B934CA495991B7852B855","E3B0C44298FC1C149AFBF4C8996FB92427AE41E4649B934CA495991B7852B855","719A7C8BB1A92F8C80C9B368FAEB1B55B7BFD68F81789C2F81D878E082CA2CA0","5D962A7AD3252ECD66E3120BED063AB3317545A6A3FE6070FB081DAE5D5ADB8C","","","banner-wrap missing"
"oldcode.html","/archive/misc/oldcode/","200","True","True","True","False","True","False","True","True","54171E49EA5C86BE5CD2181CB0561AE4A403C9226E703F371DD0FAE6C1C01F57","E237D6D5BF994CD62D7DE2DB65393127DE3217553226B3F26A1A01919F27B207","E3B0C44298FC1C149AFBF4C8996FB92427AE41E4649B934CA495991B7852B855","E3B0C44298FC1C149AFBF4C8996FB92427AE41E4649B934CA495991B7852B855","719A7C8BB1A92F8C80C9B368FAEB1B55B7BFD68F81789C2F81D878E082CA2CA0","5D962A7AD3252ECD66E3120BED063AB3317545A6A3FE6070FB081DAE5D5ADB8C","","","banner-wrap missing"
"peripersonal.html","/research/projects/peripersonal/","200","True","True","True","False","True","False","True","True","4E0064B8E895797ACCDF8A1C56D949718A09171E4255006928AE206E15E7A6F2","0CDCE2B48A740B920018A43B0E65FBC0F162FD4E53DDC2A56D295F4D6AB94A7A","E3B0C44298FC1C149AFBF4C8996FB92427AE41E4649B934CA495991B7852B855","E3B0C44298FC1C149AFBF4C8996FB92427AE41E4649B934CA495991B7852B855","719A7C8BB1A92F8C80C9B368FAEB1B55B7BFD68F81789C2F81D878E082CA2CA0","5D962A7AD3252ECD66E3120BED063AB3317545A6A3FE6070FB081DAE5D5ADB8C","","","banner-wrap missing"
"physiopheno.html","/research/projects/physiopheno/","200","True","True","True","False","True","False","True","True","E4C1A8CFBAB5B47A2762EBFF7F3B4F0B6E90EFD8CC8FAD0D6671CED2E387A081","A3438A87C49C9BB834C8FFFBB48C7396C4AA9D13D5C96D45E5714B0DC6A14AF8","E3B0C44298FC1C149AFBF4C8996FB92427AE41E4649B934CA495991B7852B855","E3B0C44298FC1C149AFBF4C8996FB92427AE41E4649B934CA495991B7852B855","719A7C8BB1A92F8C80C9B368FAEB1B55B7BFD68F81789C2F81D878E082CA2CA0","5D962A7AD3252ECD66E3120BED063AB3317545A6A3FE6070FB081DAE5D5ADB8C","","","banner-wrap missing"
"pics.html","/media/pics/","200","True","True","True","False","True","False","True","True","3DE0A9B85E434194FFC28329198143401383D0D66E6BE5B7F86FA6BA6FEDF8CC","A2B72B1B4F6EFAF4C77B6B7371DD4EF91841AC058097C1F7A350EB7DB3F0FFF0","E3B0C44298FC1C149AFBF4C8996FB92427AE41E4649B934CA495991B7852B855","E3B0C44298FC1C149AFBF4C8996FB92427AE41E4649B934CA495991B7852B855","719A7C8BB1A92F8C80C9B368FAEB1B55B7BFD68F81789C2F81D878E082CA2CA0","5D962A7AD3252ECD66E3120BED063AB3317545A6A3FE6070FB081DAE5D5ADB8C","","","banner-wrap missing"
"podcast.html","/media/podcast/","200","True","True","True","False","True","False","True","True","8E272B7400858DB8BCA42851CA573A58C2C697CDBFD05A59AF07722F188F2F9B","992B231A4A3957EA90D10C33305BAF0874871F873C1682F416FE67641FAD7BDC","E3B0C44298FC1C149AFBF4C8996FB92427AE41E4649B934CA495991B7852B855","E3B0C44298FC1C149AFBF4C8996FB92427AE41E4649B934CA495991B7852B855","719A7C8BB1A92F8C80C9B368FAEB1B55B7BFD68F81789C2F81D878E082CA2CA0","5D962A7AD3252ECD66E3120BED063AB3317545A6A3FE6070FB081DAE5D5ADB8C","","","banner-wrap missing"
"polona-pozeg-01.html","/pages/polona-pozeg-01/","200","True","True","True","False","True","False","True","True","CDCF6EEF33B0ABD21C1B0894CFB6B8E22DA9FCBB989D79944DDBCA4340E030A3","9F4D0333CB8EB42FFC179F4398CAC5BA332D1A274C0B6BCDF9E9AEF9228E192A","E3B0C44298FC1C149AFBF4C8996FB92427AE41E4649B934CA495991B7852B855","E3B0C44298FC1C149AFBF4C8996FB92427AE41E4649B934CA495991B7852B855","719A7C8BB1A92F8C80C9B368FAEB1B55B7BFD68F81789C2F81D878E082CA2CA0","5D962A7AD3252ECD66E3120BED063AB3317545A6A3FE6070FB081DAE5D5ADB8C","","","banner-wrap missing"
"polona-pozeg-intro.html","/pages/polona-pozeg-intro/","200","True","True","True","False","True","False","True","True","641C3BFC7291461DED3B0AF27361BCA3A55F7D2A6A45C0AA674362132592BBF2","EB923690189E9D4610BFFF4C4BBEBD6AB3AF79AA3972E287E877CC7C63E07020","E3B0C44298FC1C149AFBF4C8996FB92427AE41E4649B934CA495991B7852B855","E3B0C44298FC1C149AFBF4C8996FB92427AE41E4649B934CA495991B7852B855","719A7C8BB1A92F8C80C9B368FAEB1B55B7BFD68F81789C2F81D878E082CA2CA0","5D962A7AD3252ECD66E3120BED063AB3317545A6A3FE6070FB081DAE5D5ADB8C","","","banner-wrap missing"
"projects.html","/research/projects/","200","True","True","True","False","True","False","True","True","56BB6BCCCC3D501DBFE516B7E61E37931DF4D98B81DFEBDF29C585C9E40624D4","369C1D0D9C3DB46888E82B805A5B90FD9C8CD42D2D0769F3865914D0867DC5C6","E3B0C44298FC1C149AFBF4C8996FB92427AE41E4649B934CA495991B7852B855","E3B0C44298FC1C149AFBF4C8996FB92427AE41E4649B934CA495991B7852B855","719A7C8BB1A92F8C80C9B368FAEB1B55B7BFD68F81789C2F81D878E082CA2CA0","5D962A7AD3252ECD66E3120BED063AB3317545A6A3FE6070FB081DAE5D5ADB8C","","","banner-wrap missing"
"psychedelic-pharmacology.html","/research/projects/psychedelic-pharmacology/","200","True","True","True","False","True","False","True","True","846A84D2E940B938A625E0000C1F12E1C20CD4778E7BC07F9828E156CC384799","A7444901562BB5C3F7CDEE6A3431C1F8758EFFD91F5039D2AAEBC18D413D5327","E3B0C44298FC1C149AFBF4C8996FB92427AE41E4649B934CA495991B7852B855","E3B0C44298FC1C149AFBF4C8996FB92427AE41E4649B934CA495991B7852B855","719A7C8BB1A92F8C80C9B368FAEB1B55B7BFD68F81789C2F81D878E082CA2CA0","5D962A7AD3252ECD66E3120BED063AB3317545A6A3FE6070FB081DAE5D5ADB8C","","","banner-wrap missing"
"psychedelics-challenging-experiences.html","/research/projects/psychedelics-challenging-experiences/","200","True","True","True","False","True","False","True","True","B64347563EEF8EE5B72E8CBADF8CB46BAF0243EF5161E86CAF114245D36FC8F2","CF830027A0437FD3616141EDC472B42A4DA7813A551D1C51BCB78B5670BD7E06","E3B0C44298FC1C149AFBF4C8996FB92427AE41E4649B934CA495991B7852B855","E3B0C44298FC1C149AFBF4C8996FB92427AE41E4649B934CA495991B7852B855","719A7C8BB1A92F8C80C9B368FAEB1B55B7BFD68F81789C2F81D878E082CA2CA0","5D962A7AD3252ECD66E3120BED063AB3317545A6A3FE6070FB081DAE5D5ADB8C","","","banner-wrap missing"
"psychedelics-extrended-difficulties.html","/research/projects/psychedelics-extrended-difficulties/","200","True","True","True","False","True","False","True","True","508A332003BF103DA8E88BAE58F4BA55A9EFD54961955A24DC2C329D6B549BF6","4F94AB952D448D7054F6DEE59B5E1FB3A10C42D4FB551580FA48F58BF4A233DA","E3B0C44298FC1C149AFBF4C8996FB92427AE41E4649B934CA495991B7852B855","E3B0C44298FC1C149AFBF4C8996FB92427AE41E4649B934CA495991B7852B855","719A7C8BB1A92F8C80C9B368FAEB1B55B7BFD68F81789C2F81D878E082CA2CA0","5D962A7AD3252ECD66E3120BED063AB3317545A6A3FE6070FB081DAE5D5ADB8C","","","banner-wrap missing"
"psychedelic-therapy.html","/research/projects/psychedelic-therapy/","200","True","True","True","False","True","False","True","True","08F42314783364D15DB24BF248EC5350A4094B5D0D0364694F6AA9830BDA1483","B3953BD7B8394B3DAFC7C6415BA2256214E112561D8A6F7020CFDE96424753A8","E3B0C44298FC1C149AFBF4C8996FB92427AE41E4649B934CA495991B7852B855","E3B0C44298FC1C149AFBF4C8996FB92427AE41E4649B934CA495991B7852B855","719A7C8BB1A92F8C80C9B368FAEB1B55B7BFD68F81789C2F81D878E082CA2CA0","5D962A7AD3252ECD66E3120BED063AB3317545A6A3FE6070FB081DAE5D5ADB8C","","","banner-wrap missing"
"qualius.html","/research/projects/qualius/","200","True","True","True","False","True","False","True","True","4B0393BD292831CA475271203FB9C1589EAA8BD57B26A37E1F358383146132E5","43FB359837832A9A378FB6C8094ED9D7C06A88CE8424BF1F0B5757BD461D6C0D","E3B0C44298FC1C149AFBF4C8996FB92427AE41E4649B934CA495991B7852B855","E3B0C44298FC1C149AFBF4C8996FB92427AE41E4649B934CA495991B7852B855","63ACDB7D1B3596CDC791E2495808C1275C3B3345E0ED7790FF8741D86A876E7B","7E89C23DA10CF3C49B3B8BF76806D03C4FF6B70F267E84729BF46DB1B1F261CE","","","banner-wrap missing"
"qualius-program.html","/research/projects/qualius-program/","200","True","True","True","False","True","False","True","True","B87F317C6908FF54B820190FE7F01442AFEEBB192760E322B65B46E7BFFF1F6F","B1F64AEC9A4A3A5A26771F2506DC3BE3D50003D7D071E310536ED40AA6B1D4EC","E3B0C44298FC1C149AFBF4C8996FB92427AE41E4649B934CA495991B7852B855","E3B0C44298FC1C149AFBF4C8996FB92427AE41E4649B934CA495991B7852B855","F3BA8507F7A24ECF47D2645A8FCB5E628C0E9BDFD2FE6D9294CE78FEF0A6AC6A","8462DAE693ACF719A126B41DAB46939DEC447A08286AEA8BE2F5C6C5C9FC8422","","","banner-wrap missing"
"research.html","/research/","200","True","True","False","False","True","False","True","True","745799984124406E6AF13B6AFF0E1D4C9520F198CA9B90804AE6E037F82DEC82","12DC72D86CECADAE6A537187BAAEB0B4DB7E138E8491EFA866C2300DF6F66317","E3B0C44298FC1C149AFBF4C8996FB92427AE41E4649B934CA495991B7852B855","E3B0C44298FC1C149AFBF4C8996FB92427AE41E4649B934CA495991B7852B855","719A7C8BB1A92F8C80C9B368FAEB1B55B7BFD68F81789C2F81D878E082CA2CA0","5D962A7AD3252ECD66E3120BED063AB3317545A6A3FE6070FB081DAE5D5ADB8C","","","banner-wrap missing"
"research1.html","/research/","200","True","True","True","False","True","False","True","True","C13FC7DD222C33C70DD36C4EC78926A6CA192907185AF4326A598DDBD137C580","12DC72D86CECADAE6A537187BAAEB0B4DB7E138E8491EFA866C2300DF6F66317","E3B0C44298FC1C149AFBF4C8996FB92427AE41E4649B934CA495991B7852B855","E3B0C44298FC1C149AFBF4C8996FB92427AE41E4649B934CA495991B7852B855","719A7C8BB1A92F8C80C9B368FAEB1B55B7BFD68F81789C2F81D878E082CA2CA0","5D962A7AD3252ECD66E3120BED063AB3317545A6A3FE6070FB081DAE5D5ADB8C","","","banner-wrap missing"
"researcher-members.html","/community/researcher-members/","200","True","True","True","False","True","False","True","True","D75C1A65F9731B6B5ACE09312A238B43063E123EDCD0C2A9912F09D14E17C1AE","33964497EA36EF5DFC8FBD537C30D3180DE9B5EB4A08DAE89AC76DB52F47D2DB","E3B0C44298FC1C149AFBF4C8996FB92427AE41E4649B934CA495991B7852B855","E3B0C44298FC1C149AFBF4C8996FB92427AE41E4649B934CA495991B7852B855","719A7C8BB1A92F8C80C9B368FAEB1B55B7BFD68F81789C2F81D878E082CA2CA0","5D962A7AD3252ECD66E3120BED063AB3317545A6A3FE6070FB081DAE5D5ADB8C","","","banner-wrap missing"
"seeing-in-the-dark.html","/pages/seeing-in-the-dark/","200","True","True","True","False","True","False","True","True","768CCF06868EF4538AA8F3D405C580C45ECD592D5A1BE586C798E121330ACAEC","29D8B019708EA669150E4C38C7721B3E466EAF6B46DAB080348D2AD4D05F4AE3","E3B0C44298FC1C149AFBF4C8996FB92427AE41E4649B934CA495991B7852B855","E3B0C44298FC1C149AFBF4C8996FB92427AE41E4649B934CA495991B7852B855","719A7C8BB1A92F8C80C9B368FAEB1B55B7BFD68F81789C2F81D878E082CA2CA0","5D962A7AD3252ECD66E3120BED063AB3317545A6A3FE6070FB081DAE5D5ADB8C","","","banner-wrap missing"
"self-other.html","/research/projects/self-other/","200","True","True","True","False","True","False","True","True","BBFC1A65058C576CA5073500FCDBEC85F4D050ECC579AF473D10C4ABF73E16C7","6E96B15BA05A6B30BA55049CCB33D6A6494F29E591DFD6E824F9D5ADC12ED400","E3B0C44298FC1C149AFBF4C8996FB92427AE41E4649B934CA495991B7852B855","E3B0C44298FC1C149AFBF4C8996FB92427AE41E4649B934CA495991B7852B855","719A7C8BB1A92F8C80C9B368FAEB1B55B7BFD68F81789C2F81D878E082CA2CA0","5D962A7AD3252ECD66E3120BED063AB3317545A6A3FE6070FB081DAE5D5ADB8C","","","banner-wrap missing"
"skipper.html","/pages/skipper/","200","True","True","True","False","True","False","True","True","59F657A2BFFC28159A02603F9C55583CBD3056C36A3168AEAA4E0F4621EE9E7A","D1C33CD3E17A23CCFC1FEAF4A1D625B34FFEEBEAA520487108D6A06415310A8E","E3B0C44298FC1C149AFBF4C8996FB92427AE41E4649B934CA495991B7852B855","E3B0C44298FC1C149AFBF4C8996FB92427AE41E4649B934CA495991B7852B855","719A7C8BB1A92F8C80C9B368FAEB1B55B7BFD68F81789C2F81D878E082CA2CA0","5D962A7AD3252ECD66E3120BED063AB3317545A6A3FE6070FB081DAE5D5ADB8C","","","banner-wrap missing"
"somatic-cultures-ad-consciousness.html","/research/projects/somatic-cultures-ad-consciousness/","200","True","True","True","False","True","False","True","True","D201B24559149B524E2B391EBDC4F7E088DA7486CA60961AD9ED60EBF29996E3","724C43073E5DACA3A72AD3E312431FA3EBF2B3DC929D0AD76CB472DB0101BCCD","E3B0C44298FC1C149AFBF4C8996FB92427AE41E4649B934CA495991B7852B855","E3B0C44298FC1C149AFBF4C8996FB92427AE41E4649B934CA495991B7852B855","719A7C8BB1A92F8C80C9B368FAEB1B55B7BFD68F81789C2F81D878E082CA2CA0","5D962A7AD3252ECD66E3120BED063AB3317545A6A3FE6070FB081DAE5D5ADB8C","","","banner-wrap missing"
"symposium.html","/events/symposium/","200","True","True","True","False","True","False","True","True","A392EBF46C5B536266C8D2C037A913086C04E5470ACCD093206990130F982B4F","EB3595BC3126376E3A93F488DC785EB2EDAD0407DBEB9891E94BE742FE6AC3B6","E3B0C44298FC1C149AFBF4C8996FB92427AE41E4649B934CA495991B7852B855","E3B0C44298FC1C149AFBF4C8996FB92427AE41E4649B934CA495991B7852B855","719A7C8BB1A92F8C80C9B368FAEB1B55B7BFD68F81789C2F81D878E082CA2CA0","5D962A7AD3252ECD66E3120BED063AB3317545A6A3FE6070FB081DAE5D5ADB8C","","","banner-wrap missing"
"tagliazucchi_effects_psychedelics.html","/research/projects/tagliazucchi_effects_psychedelics/","200","True","True","True","False","True","False","True","True","D2C291E61F60316072B3343D4A88AFBCAA3516984BD9A78941A593E444C265C3","96F659DF5FFCBF03FBBAB808819F918D789770FB472C766BC8E51286CF963297","E3B0C44298FC1C149AFBF4C8996FB92427AE41E4649B934CA495991B7852B855","E3B0C44298FC1C149AFBF4C8996FB92427AE41E4649B934CA495991B7852B855","719A7C8BB1A92F8C80C9B368FAEB1B55B7BFD68F81789C2F81D878E082CA2CA0","5D962A7AD3252ECD66E3120BED063AB3317545A6A3FE6070FB081DAE5D5ADB8C","","","banner-wrap missing"
"team.html","/about/team/team/","200","True","True","True","False","True","False","True","True","37FBB6967744F7E9E436ED766315957D8BA16ECC2270B98ACBA24A4A4828A5AF","326B15786BF0CE65FE5305DA7F8DF715BEC125BCA0B3BC513A983692FB040773","E3B0C44298FC1C149AFBF4C8996FB92427AE41E4649B934CA495991B7852B855","E3B0C44298FC1C149AFBF4C8996FB92427AE41E4649B934CA495991B7852B855","99AA99497C325D753A01ACD6E3A2342F5D3B3ADA173C0881F33E52823ABD15D5","5171769306E105CE9B9E8B59E7C88F1EF2924FC4BB857378B0311CE81F70FBA0","","","banner-wrap missing"
"team-222796.html","/about/team/team-222796/","200","True","True","True","False","True","False","True","True","71DA6D6A5C78700E8C023C6953ED8DE3EBFC26A7FD2272FBBB25819607BBFAEE","248170A8A31CF102F2EAB4859F33E7C4387671C958B9C75755978BCBD8853BA9","E3B0C44298FC1C149AFBF4C8996FB92427AE41E4649B934CA495991B7852B855","E3B0C44298FC1C149AFBF4C8996FB92427AE41E4649B934CA495991B7852B855","7581A5E6B973184FD959B25105DC5177FC84274D33D8DA2B63E4344E5BA4C678","3A1193ECAA51CA6834A6A8152B6E1F5B0461236E229538942FEC1FA75591FE81","","","banner-wrap missing"
"team-639772.html","/about/team/team-639772/","200","True","True","True","False","True","False","True","True","5B41D34B51A7716F834A647B113DAC608747C0E17271879283BD3AFEC7C86A15","F135F07299D7F27A748CB8C938EBBED9A402489F313FD463FDCCDEA25C7C3D06","E3B0C44298FC1C149AFBF4C8996FB92427AE41E4649B934CA495991B7852B855","E3B0C44298FC1C149AFBF4C8996FB92427AE41E4649B934CA495991B7852B855","719A7C8BB1A92F8C80C9B368FAEB1B55B7BFD68F81789C2F81D878E082CA2CA0","5D962A7AD3252ECD66E3120BED063AB3317545A6A3FE6070FB081DAE5D5ADB8C","","","banner-wrap missing"
"team-743740.html","/about/team/team-743740/","200","True","True","True","False","True","False","True","True","434B7521AD2B86A976853BC666E92D1F8B068878C20EE8203FAE5C76DE17A052","8B62E02DEE7D659FDD95F8FE2F8560CDA8234ACD80A656F46866FA614CE5533D","E3B0C44298FC1C149AFBF4C8996FB92427AE41E4649B934CA495991B7852B855","E3B0C44298FC1C149AFBF4C8996FB92427AE41E4649B934CA495991B7852B855","719A7C8BB1A92F8C80C9B368FAEB1B55B7BFD68F81789C2F81D878E082CA2CA0","5D962A7AD3252ECD66E3120BED063AB3317545A6A3FE6070FB081DAE5D5ADB8C","","","banner-wrap missing"
"team-814948.html","/about/team/team-814948/","200","True","True","True","False","True","False","True","True","F7A966D88C38E7623701380D88A3DDCAAE0C218498868FD3BBA2055728900440","6AF4C52D4C71F2DF2C765D1250B8297953BE21C29B1F25B33F2640EE2E76E66F","E3B0C44298FC1C149AFBF4C8996FB92427AE41E4649B934CA495991B7852B855","E3B0C44298FC1C149AFBF4C8996FB92427AE41E4649B934CA495991B7852B855","719A7C8BB1A92F8C80C9B368FAEB1B55B7BFD68F81789C2F81D878E082CA2CA0","5D962A7AD3252ECD66E3120BED063AB3317545A6A3FE6070FB081DAE5D5ADB8C","","","banner-wrap missing"
"team-912849.html","/about/team/team-912849/","200","True","True","True","False","True","False","True","True","234483FDA3280BF924AADFAD7C167D7B01C78FD68F833E30BC12EF4CF45D4441","C3DA715A4B4E7F98A2D0D45193B15E9FD915F9D445EF9E6AA98C7A970548D5BF","E3B0C44298FC1C149AFBF4C8996FB92427AE41E4649B934CA495991B7852B855","E3B0C44298FC1C149AFBF4C8996FB92427AE41E4649B934CA495991B7852B855","719A7C8BB1A92F8C80C9B368FAEB1B55B7BFD68F81789C2F81D878E082CA2CA0","5D962A7AD3252ECD66E3120BED063AB3317545A6A3FE6070FB081DAE5D5ADB8C","","","banner-wrap missing"
"team-955042.html","/about/team/team-955042/","200","True","True","True","False","True","False","True","True","8D72B24DBF07F37F29C287D4149BE772E9485F1C7498E8CE38FF52026FCAA755","F5955EDE2D1EF260A09CD0EC919BA84E5E737BB17496C01040D0FC48190343AD","E3B0C44298FC1C149AFBF4C8996FB92427AE41E4649B934CA495991B7852B855","E3B0C44298FC1C149AFBF4C8996FB92427AE41E4649B934CA495991B7852B855","CBC8F8D81BBA7DE9395369D0CF5A4D453E1D0C843DCDE172F1E7C88502C305EA","970F282E65A921D31F514DFEBD1CED952A27B4725998FDE8E063F5FD124F6C2D","","","banner-wrap missing"
"team-955042-710461.html","/about/team/team-955042-710461/","200","True","True","True","False","True","False","True","True","AB77F97EE9F3F74849A960F5AE502ABC2025708FEC90E2571DBC9EDBBFF783F5","DF27FA46A2DE84D7CEB27AB87F2337B8D754EC969439EDDCA255DDC3CCAF4FBA","E3B0C44298FC1C149AFBF4C8996FB92427AE41E4649B934CA495991B7852B855","E3B0C44298FC1C149AFBF4C8996FB92427AE41E4649B934CA495991B7852B855","719A7C8BB1A92F8C80C9B368FAEB1B55B7BFD68F81789C2F81D878E082CA2CA0","5D962A7AD3252ECD66E3120BED063AB3317545A6A3FE6070FB081DAE5D5ADB8C","","","banner-wrap missing"
"teamtemplate-956529.html","/pages/teamtemplate-956529/","200","True","True","True","False","True","False","True","True","1FD152BD4CC06E77B02467CFC1E167AB29BAEEBA33EC07C4B5648ECAC5E5F861","DCC00FA3A40A94FB4502618C5EFF3B1409CF06A54B2257A9E2B311831C91D7C3","E3B0C44298FC1C149AFBF4C8996FB92427AE41E4649B934CA495991B7852B855","E3B0C44298FC1C149AFBF4C8996FB92427AE41E4649B934CA495991B7852B855","719A7C8BB1A92F8C80C9B368FAEB1B55B7BFD68F81789C2F81D878E082CA2CA0","5D962A7AD3252ECD66E3120BED063AB3317545A6A3FE6070FB081DAE5D5ADB8C","","","banner-wrap missing"
"teamtest.html","/archive/misc/teamtest/","200","True","True","True","False","True","False","True","True","459205B0651DA75BDDAFAD73DC8AF29FCBEC97AEB3508FEAFDC6F40961454AF7","D939994D4D9A2BD4B387F14EDF27F12D24B9EC14A8F66C58A171942E76DEB958","E3B0C44298FC1C149AFBF4C8996FB92427AE41E4649B934CA495991B7852B855","E3B0C44298FC1C149AFBF4C8996FB92427AE41E4649B934CA495991B7852B855","719A7C8BB1A92F8C80C9B368FAEB1B55B7BFD68F81789C2F81D878E082CA2CA0","5D962A7AD3252ECD66E3120BED063AB3317545A6A3FE6070FB081DAE5D5ADB8C","","","banner-wrap missing"
"teamtest1.html","/archive/misc/teamtest1/","200","True","True","True","False","True","False","True","True","A0CF814C9BE4DD2047DDE97B5E39F2C87B778AE9E329D92E378B1B560BA57F4A","0F303FF67CA8530587E0BA0DC73944279ACBC5F406A4D791A5E273B817E61332","E3B0C44298FC1C149AFBF4C8996FB92427AE41E4649B934CA495991B7852B855","E3B0C44298FC1C149AFBF4C8996FB92427AE41E4649B934CA495991B7852B855","719A7C8BB1A92F8C80C9B368FAEB1B55B7BFD68F81789C2F81D878E082CA2CA0","5D962A7AD3252ECD66E3120BED063AB3317545A6A3FE6070FB081DAE5D5ADB8C","","","banner-wrap missing"
"teamtest2.html","/archive/misc/teamtest2/","200","True","True","True","False","True","False","True","True","858004DF3965C6ECF7EAEAF5D6D2C9DCABFFED3713C53138FFBA694DBC498549","9E44801E042B92CF2188C444280B36220C3F61F20C32A3E4454491F87C2D950F","E3B0C44298FC1C149AFBF4C8996FB92427AE41E4649B934CA495991B7852B855","E3B0C44298FC1C149AFBF4C8996FB92427AE41E4649B934CA495991B7852B855","719A7C8BB1A92F8C80C9B368FAEB1B55B7BFD68F81789C2F81D878E082CA2CA0","5D962A7AD3252ECD66E3120BED063AB3317545A6A3FE6070FB081DAE5D5ADB8C","","","banner-wrap missing"
"torus.html","/research/projects/torus/","200","True","True","True","False","False","False","True","True","78A6CA21D9B2CA15AD829FC758A41F973257C4D8C338B718CC2D257813C0A766","083C5E74891AB9704E1F867507F71B1517C8B9952BC31134B31ADAD650DB09C1","719A7C8BB1A92F8C80C9B368FAEB1B55B7BFD68F81789C2F81D878E082CA2CA0","5D962A7AD3252ECD66E3120BED063AB3317545A6A3FE6070FB081DAE5D5ADB8C","719A7C8BB1A92F8C80C9B368FAEB1B55B7BFD68F81789C2F81D878E082CA2CA0","5D962A7AD3252ECD66E3120BED063AB3317545A6A3FE6070FB081DAE5D5ADB8C","Home | About | Team | Bulletin | Journal Clubs | Events | Membership","Home | About | Team | Bulletin | Journal Clubs | Events | Membership",""
"track1-600953.html","/media/track1-600953/","200","True","True","True","False","True","False","True","True","66935CA0154D4B3C8B3AA4C90F9D2EF062DE04CA46410F12D84E4BA781DE204E","C30F18C3D0C99F5F54D6556F1CC360BEA0961891A9FD1AA5636B09578C00F768","E3B0C44298FC1C149AFBF4C8996FB92427AE41E4649B934CA495991B7852B855","E3B0C44298FC1C149AFBF4C8996FB92427AE41E4649B934CA495991B7852B855","719A7C8BB1A92F8C80C9B368FAEB1B55B7BFD68F81789C2F81D878E082CA2CA0","5D962A7AD3252ECD66E3120BED063AB3317545A6A3FE6070FB081DAE5D5ADB8C","","","banner-wrap missing"
"trauma_under_psychedelics.html","/research/projects/trauma_under_psychedelics/","200","True","True","True","False","True","False","True","True","102A3AA866D8CA8D35E80C8DFB67996243996FD4D720808A9E71831058626595","6F0C85C2054264D9B77F543C4574FF76F226473F79499282B367177B874112F1","E3B0C44298FC1C149AFBF4C8996FB92427AE41E4649B934CA495991B7852B855","E3B0C44298FC1C149AFBF4C8996FB92427AE41E4649B934CA495991B7852B855","719A7C8BB1A92F8C80C9B368FAEB1B55B7BFD68F81789C2F81D878E082CA2CA0","5D962A7AD3252ECD66E3120BED063AB3317545A6A3FE6070FB081DAE5D5ADB8C","","","banner-wrap missing"
"travel-information.html","/events/travel-information/","200","True","True","True","False","True","False","True","True","9D05C6DADD13EF2D1EBA707367F75B4D94E03DADF6168429F695A95C1AA1D9C3","BB71B3F5CEA131660835A1EF122BB4B283299606A94C51321C1B6381BBE4AA3A","E3B0C44298FC1C149AFBF4C8996FB92427AE41E4649B934CA495991B7852B855","E3B0C44298FC1C149AFBF4C8996FB92427AE41E4649B934CA495991B7852B855","499AB9222F30FC03528D8A8A5CEBF907285CC0F1E62E116C4114546839664186","06C378A4FBE822AF63F818D21FE1C29EE19120F10B614EF0E9EB6B66F1C3ED09","","","banner-wrap missing"
"tulpamancy-522105.html","/pages/tulpamancy-522105/","200","True","True","True","False","True","False","True","True","D48EEA9BA26B9BAC4C56EE5103C3C75F77233FE31B9777CAD6912556EBFCE68E","60EC63B90B12BC1B08562E9DAE684AFB71C1DF685581B16C40AC2EE9168A5389","E3B0C44298FC1C149AFBF4C8996FB92427AE41E4649B934CA495991B7852B855","E3B0C44298FC1C149AFBF4C8996FB92427AE41E4649B934CA495991B7852B855","719A7C8BB1A92F8C80C9B368FAEB1B55B7BFD68F81789C2F81D878E082CA2CA0","5D962A7AD3252ECD66E3120BED063AB3317545A6A3FE6070FB081DAE5D5ADB8C","","","banner-wrap missing"
"viscereality.html","/research/projects/viscereality/","200","True","True","True","False","True","False","True","True","D8616CEFC412C15CD4066A52B416ADA03C7104B19B28690E2388EAB24194B169","B6B1B8609AB7F1C9C984DB223EA5E115C4D69F2B516EED182A47B88960B8E201","E3B0C44298FC1C149AFBF4C8996FB92427AE41E4649B934CA495991B7852B855","E3B0C44298FC1C149AFBF4C8996FB92427AE41E4649B934CA495991B7852B855","719A7C8BB1A92F8C80C9B368FAEB1B55B7BFD68F81789C2F81D878E082CA2CA0","5D962A7AD3252ECD66E3120BED063AB3317545A6A3FE6070FB081DAE5D5ADB8C","","","banner-wrap missing"
"voix-et-visions.html","/pages/voix-et-visions/","200","True","True","True","False","True","False","True","True","90D42DED6CC071D4CF7E4D9A275D78B0DBD36AD3A4B63E144DA3F0EA2F4E7CEC","A2D23C92E801C39F4757EA3229678B5675029859223DD3A8D8C6AC28802EE841","E3B0C44298FC1C149AFBF4C8996FB92427AE41E4649B934CA495991B7852B855","E3B0C44298FC1C149AFBF4C8996FB92427AE41E4649B934CA495991B7852B855","719A7C8BB1A92F8C80C9B368FAEB1B55B7BFD68F81789C2F81D878E082CA2CA0","5D962A7AD3252ECD66E3120BED063AB3317545A6A3FE6070FB081DAE5D5ADB8C","","","banner-wrap missing"
"workshop-2017.html","/events/workshops/workshop-2017/","200","True","True","True","False","True","False","True","True","4A457C730A904429318327FF053B1DE7FEE61AD629537924B20E714D934E503A","21F10E9A8BC661A89250BF8459BA9C46B0B317A8DB6EC4E9C3E2ADD67063B99D","E3B0C44298FC1C149AFBF4C8996FB92427AE41E4649B934CA495991B7852B855","E3B0C44298FC1C149AFBF4C8996FB92427AE41E4649B934CA495991B7852B855","719A7C8BB1A92F8C80C9B368FAEB1B55B7BFD68F81789C2F81D878E082CA2CA0","5D962A7AD3252ECD66E3120BED063AB3317545A6A3FE6070FB081DAE5D5ADB8C","","","banner-wrap missing"
"workshop-2018.html","/events/workshops/workshop-2018/","200","True","True","True","False","True","False","True","True","CA70F6979CE56D392C696167249DF59A2D21BC3D8D7AF91F1B6885A1CF96E5BA","BA356BBA5CE44B1E30FC4A91FAB779D059F2BC6D49F06824CF2468CF5F940CDA","E3B0C44298FC1C149AFBF4C8996FB92427AE41E4649B934CA495991B7852B855","E3B0C44298FC1C149AFBF4C8996FB92427AE41E4649B934CA495991B7852B855","719A7C8BB1A92F8C80C9B368FAEB1B55B7BFD68F81789C2F81D878E082CA2CA0","5D962A7AD3252ECD66E3120BED063AB3317545A6A3FE6070FB081DAE5D5ADB8C","","","banner-wrap missing"
